wwtp,particle_class,hydraulic_level,bin_left_proportion,bin_right_proportion,bin_mid_proportion,observation_count
north,1,Pipe,0,0.05,0.025,3758531
north,2,Pipe,0,0.05,0.025,3259269
north,3,Pipe,0,0.05,0.025,2765687
north,4,Pipe,0.25,0.30000000000000004,0.275,39037
north,5,Pipe,0.5,0.55,0.525,36920
north,6,Pipe,0.8500000000000001,0.9,0.875,54358
north,7,Pipe,0.95,1,0.975,3137219
north,8,Pipe,0.95,1,0.975,3372728
north,4,Pipe,0,0.05,0.025,2149143
north,5,Pipe,0,0.05,0.025,1378428
north,6,Pipe,0.95,1,0.975,2702023
north,4,Pipe,0.6000000000000001,0.65,0.625,33183
north,5,Pipe,0.95,1,0.975,2010327
north,4,Pipe,0.15000000000000002,0.2,0.17500000000000002,46690
north,5,Pipe,0.30000000000000004,0.35000000000000003,0.325,32643
north,6,Pipe,0.65,0.7000000000000001,0.675,27953
north,4,Pipe,0.05,0.1,0.07500000000000001,54259
north,5,Pipe,0.8500000000000001,0.9,0.875,68668
north,4,Pipe,0.1,0.15000000000000002,0.125,49656
north,5,Pipe,0.9,0.95,0.925,99798
north,5,Pipe,0.2,0.25,0.225,33314
north,6,Pipe,0.45,0.5,0.475,22476
north,7,Pipe,0.9,0.95,0.925,46764
north,3,Pipe,0.05,0.1,0.07500000000000001,64316
north,4,Pipe,0.35000000000000003,0.4,0.375,33344
north,5,Pipe,0.6000000000000001,0.65,0.625,40225
north,6,Pipe,0.9,0.95,0.925,79570
north,4,Pipe,0.4,0.45,0.425,31392
north,2,Pipe,0.2,0.25,0.225,38250
north,3,Pipe,0.4,0.45,0.425,31154
north,4,Pipe,0.8500000000000001,0.9,0.875,61759
north,5,Pipe,0.35000000000000003,0.4,0.375,32942
north,4,Pipe,0.30000000000000004,0.35000000000000003,0.325,35999
south,1,Pipe,0,0.05,0.025,964854
south,2,Pipe,0,0.05,0.025,902738
south,3,Pipe,0,0.05,0.025,846761
south,4,Pipe,0,0.05,0.025,773399
south,5,Pipe,0,0.05,0.025,658863
south,6,Pipe,0,0.05,0.025,573826
south,7,Pipe,0,0.05,0.025,522305
south,8,Pipe,0,0.05,0.025,481447
south,2,Pipe,0.1,0.15000000000000002,0.125,6396
south,3,Pipe,0.55,0.6000000000000001,0.5750000000000001,3551
south,4,Pipe,0.95,1,0.975,167232
south,5,Pipe,0.95,1,0.975,264269
south,6,Pipe,0.95,1,0.975,382367
south,7,Pipe,0.95,1,0.975,464909
south,8,Pipe,0.95,1,0.975,520800
south,2,Pipe,0.05,0.1,0.07500000000000001,7947
south,3,Pipe,0.25,0.30000000000000004,0.275,4153
south,4,Pipe,0.75,0.8,0.775,5548
north,6,Pipe,0.7000000000000001,0.75,0.7250000000000001,30423
north,4,Pipe,0.95,1,0.975,1265423
north,2,Pipe,0.35000000000000003,0.4,0.375,28280
north,3,Pipe,0.65,0.7000000000000001,0.675,33280
north,3,Pipe,0.1,0.15000000000000002,0.125,46966
north,5,Pipe,0.65,0.7000000000000001,0.675,42278
north,6,Pipe,0,0.05,0.025,948206
north,7,Pipe,0,0.05,0.025,777344
north,4,Pipe,0.45,0.5,0.475,30498
north,5,Pipe,0.75,0.8,0.775,48704
north,8,Pipe,0,0.05,0.025,650984
north,2,Pipe,0.15000000000000002,0.2,0.17500000000000002,42754
north,3,Pipe,0.45,0.5,0.475,31375
north,4,Pipe,0.9,0.95,0.925,86941
north,6,Pipe,0.8,0.8500000000000001,0.8250000000000001,42239
north,1,Pipe,0.05,0.1,0.07500000000000001,72856
north,2,Pipe,0.65,0.7000000000000001,0.675,29589
north,3,Pipe,0.9,0.95,0.925,77342
north,3,Pipe,0.30000000000000004,0.35000000000000003,0.325,32198
north,4,Pipe,0.75,0.8,0.775,43421
north,6,Pipe,0.5,0.55,0.525,22771
north,5,Pipe,0.7000000000000001,0.75,0.7250000000000001,44134
north,6,Pipe,0.6000000000000001,0.65,0.625,26049
north,5,Pipe,0.45,0.5,0.475,35220
north,4,Pipe,0.2,0.25,0.225,42652
north,5,Pipe,0.4,0.45,0.425,33162
north,6,Pipe,0.75,0.8,0.775,35291
north,8,Pipe,0.25,0.30000000000000004,0.275,4030
north,5,Pipe,0.55,0.6000000000000001,0.5750000000000001,39096
north,5,Pipe,0.1,0.15000000000000002,0.125,42966
north,6,Pipe,0.35000000000000003,0.4,0.375,21342
north,7,Pipe,0.8500000000000001,0.9,0.875,29934
north,6,Pipe,0.4,0.45,0.425,22537
north,5,Pipe,0.15000000000000002,0.2,0.17500000000000002,36664
north,2,Pipe,0.05,0.1,0.07500000000000001,66872
north,5,Pipe,0.05,0.1,0.07500000000000001,46719
north,6,Pipe,0.25,0.30000000000000004,0.275,20987
north,7,Pipe,0.75,0.8,0.775,20706
north,3,Pipe,0.15000000000000002,0.2,0.17500000000000002,38283
north,5,Pipe,0.25,0.30000000000000004,0.275,32870
north,6,Pipe,0.55,0.6000000000000001,0.5750000000000001,24281
north,2,Pipe,0.25,0.30000000000000004,0.275,32707
north,3,Pipe,0.5,0.55,0.525,30739
north,3,Pipe,0.6000000000000001,0.65,0.625,32442
north,4,Pipe,0.5,0.55,0.525,30413
north,2,Pipe,0.5,0.55,0.525,25954
north,3,Pipe,0.95,1,0.975,709217
north,7,Pipe,0.5,0.55,0.525,12814
north,4,Pipe,0.55,0.6000000000000001,0.5750000000000001,32112
north,1,Pipe,0.9,0.95,0.925,7441
north,2,Pipe,0.95,1,0.975,265046
north,2,Pipe,0.75,0.8,0.775,34281
north,4,Pipe,0.65,0.7000000000000001,0.675,35917
south,6,Pipe,0.15000000000000002,0.2,0.17500000000000002,2800
south,8,Pipe,0.30000000000000004,0.35000000000000003,0.325,1350
south,8,Pipe,0.9,0.95,0.925,4828
south,3,Pipe,0.30000000000000004,0.35000000000000003,0.325,4254
south,8,Pipe,0.2,0.25,0.225,955
south,4,Pipe,0.05,0.1,0.07500000000000001,6134
south,5,Pipe,0.15000000000000002,0.2,0.17500000000000002,5276
south,6,Pipe,0.45,0.5,0.475,3396
south,7,Pipe,0.9,0.95,0.925,8648
south,7,Pipe,0.55,0.6000000000000001,0.5750000000000001,1884
south,6,Pipe,0.9,0.95,0.925,11435
south,1,Pipe,0.30000000000000004,0.35000000000000003,0.325,3040
south,2,Pipe,0.95,1,0.975,45036
south,3,Pipe,0.95,1,0.975,101408
north,1,Pipe,0.25,0.30000000000000004,0.275,31592
south,3,Pipe,0.05,0.1,0.07500000000000001,5755
south,4,Pipe,0.25,0.30000000000000004,0.275,3672
south,5,Pipe,0.5,0.55,0.525,4120
south,6,Pipe,0.8500000000000001,0.9,0.875,7598
north,3,Pipe,0.35000000000000003,0.4,0.375,32127
north,3,Pipe,0.2,0.25,0.225,33710
north,2,Pipe,0.55,0.6000000000000001,0.5750000000000001,27005
north,2,Pipe,0.9,0.95,0.925,62660
north,3,Pipe,0.55,0.6000000000000001,0.5750000000000001,31686
north,2,Pipe,0.7000000000000001,0.75,0.7250000000000001,31029
south,2,Pipe,0.30000000000000004,0.35000000000000003,0.325,4090
south,3,Pipe,0.75,0.8,0.775,4308
south,7,Pipe,0.35000000000000003,0.4,0.375,1374
south,4,Pipe,0.6000000000000001,0.65,0.625,3928
south,5,Pipe,0.9,0.95,0.925,15493
north,1,Pipe,0.30000000000000004,0.35000000000000003,0.325,26385
north,4,Pipe,0.8,0.8500000000000001,0.8250000000000001,50376
north,3,Pipe,0.75,0.8,0.775,37317
west,1,Pipe,0,0.05,0.025,546321
west,2,Pipe,0,0.05,0.025,497694
west,3,Pipe,0,0.05,0.025,451901
west,4,Pipe,0,0.05,0.025,405699
west,5,Pipe,0,0.05,0.025,355002
west,6,Pipe,0,0.05,0.025,315662
west,7,Pipe,0,0.05,0.025,288047
west,8,Pipe,0.95,1,0.975,340485
west,7,Pipe,0.2,0.25,0.225,664
west,8,Pipe,0.65,0.7000000000000001,0.675,904
west,3,Pipe,0.05,0.1,0.07500000000000001,5430
west,4,Pipe,0.30000000000000004,0.35000000000000003,0.325,2412
west,5,Pipe,0.5,0.55,0.525,2390
west,6,Pipe,0.8500000000000001,0.9,0.875,3873
west,7,Pipe,0.95,1,0.975,312832
west,4,Pipe,0.25,0.30000000000000004,0.275,2487
west,5,Pipe,0.45,0.5,0.475,2263
west,6,Pipe,0.75,0.8,0.775,2344
north,7,Pipe,0.05,0.1,0.07500000000000001,5835
north,8,Pipe,0.45,0.5,0.475,6310
north,6,Pipe,0.05,0.1,0.07500000000000001,23977
north,7,Pipe,0.4,0.45,0.425,11153
north,8,Pipe,0.8,0.8500000000000001,0.8250000000000001,14857
west,8,Pipe,0,0.05,0.025,265626
north,7,Pipe,0.7000000000000001,0.75,0.7250000000000001,17985
north,3,Pipe,0.8,0.8500000000000001,0.8250000000000001,42261
north,1,Pipe,0.1,0.15000000000000002,0.125,46322
north,2,Pipe,0.8500000000000001,0.9,0.875,46099
north,1,Pipe,0.15000000000000002,0.2,0.17500000000000002,39541
north,2,Pipe,0.8,0.8500000000000001,0.8250000000000001,37988
north,2,Pipe,0.6000000000000001,0.65,0.625,28144
west,4,Pipe,0.05,0.1,0.07500000000000001,2360
west,5,Pipe,0.15000000000000002,0.2,0.17500000000000002,2422
west,6,Pipe,0.4,0.45,0.425,971
west,7,Pipe,0.8500000000000001,0.9,0.875,1848
north,7,Pipe,0.25,0.30000000000000004,0.275,9560
north,8,Pipe,0.55,0.6000000000000001,0.5750000000000001,7473
west,4,Pipe,0.95,1,0.975,157631
west,5,Pipe,0.95,1,0.975,216283
west,6,Pipe,0.95,1,0.975,271092
north,6,Pipe,0.30000000000000004,0.35000000000000003,0.325,20780
north,6,Pipe,0.15000000000000002,0.2,0.17500000000000002,22189
north,7,Pipe,0.65,0.7000000000000001,0.675,15257
north,2,Pipe,0.1,0.15000000000000002,0.125,52090
north,3,Pipe,0.25,0.30000000000000004,0.275,33171
north,8,Pipe,0.15000000000000002,0.2,0.17500000000000002,2889
north,8,Pipe,0.8500000000000001,0.9,0.875,20784
north,1,Pipe,0.5,0.55,0.525,16669
north,7,Pipe,0.8,0.8500000000000001,0.8250000000000001,23748
north,8,Pipe,0.9,0.95,0.925,34670
north,4,Pipe,0.7000000000000001,0.75,0.7250000000000001,38285
north,7,Pipe,0.1,0.15000000000000002,0.125,6818
north,8,Pipe,0.35000000000000003,0.4,0.375,5118
north,8,Pipe,0.05,0.1,0.07500000000000001,4621
north,8,Pipe,0.7000000000000001,0.75,0.7250000000000001,11147
north,8,Pipe,0.2,0.25,0.225,3739
north,5,Pipe,0.8,0.8500000000000001,0.8250000000000001,55422
north,7,Pipe,0.45,0.5,0.475,12001
north,2,Pipe,0.45,0.5,0.475,25850
north,6,Pipe,0.1,0.15000000000000002,0.125,22473
south,1,Pipe,0.1,0.15000000000000002,0.125,6015
south,2,Pipe,0.8500000000000001,0.9,0.875,5938
south,6,Pipe,0.5,0.55,0.525,3538
south,4,Pipe,0.15000000000000002,0.2,0.17500000000000002,4065
south,5,Pipe,0.6000000000000001,0.65,0.625,5078
north,7,Pipe,0.2,0.25,0.225,8731
south,7,Pipe,0.5,0.55,0.525,1668
south,8,Pipe,0.8,0.8500000000000001,0.8250000000000001,2790
south,3,Pipe,0.5,0.55,0.525,3718
south,3,Pipe,0.35000000000000003,0.4,0.375,4305
south,4,Pipe,0.9,0.95,0.925,12230
south,3,Pipe,0.1,0.15000000000000002,0.125,4747
south,4,Pipe,0.45,0.5,0.475,3661
south,5,Pipe,0.75,0.8,0.775,7190
south,1,Pipe,0.15000000000000002,0.2,0.17500000000000002,4867
south,2,Pipe,0.9,0.95,0.925,7728
south,6,Pipe,0.1,0.15000000000000002,0.125,2583
south,7,Pipe,0.6000000000000001,0.65,0.625,2064
south,2,Pipe,0.15000000000000002,0.2,0.17500000000000002,5045
west,3,Pipe,0.5,0.55,0.525,2608
west,7,Pipe,0.15000000000000002,0.2,0.17500000000000002,640
north,8,Pipe,0.6000000000000001,0.65,0.625,8492
north,8,Pipe,0.75,0.8,0.775,12333
north,1,Pipe,0.8,0.8500000000000001,0.8250000000000001,9075
west,4,Pipe,0.8,0.8500000000000001,0.8250000000000001,4049
west,4,Pipe,0.75,0.8,0.775,3597
west,1,Pipe,0.4,0.45,0.425,3146
west,2,Pipe,0.95,1,0.975,52533
west,3,Pipe,0.95,1,0.975,104334
west,5,Pipe,0.25,0.30000000000000004,0.275,1885
west,6,Pipe,0.7000000000000001,0.75,0.7250000000000001,1800
west,4,Pipe,0.15000000000000002,0.2,0.17500000000000002,2428
west,1,Pipe,0.8,0.8500000000000001,0.8250000000000001,2148
west,1,Pipe,0.05,0.1,0.07500000000000001,7505
west,2,Pipe,0.65,0.7000000000000001,0.675,3329
west,3,Pipe,0.9,0.95,0.925,7436
south,8,Pipe,0.4,0.45,0.425,970
south,6,Pipe,0.55,0.6000000000000001,0.5750000000000001,3703
south,6,Pipe,0.2,0.25,0.225,2813
south,7,Pipe,0.8500000000000001,0.9,0.875,5170
south,3,Pipe,0.8,0.8500000000000001,0.8250000000000001,4865
south,6,Pipe,0.65,0.7000000000000001,0.675,3987
south,3,Pipe,0.45,0.5,0.475,4034
south,2,Pipe,0.35000000000000003,0.4,0.375,3620
north,2,Pipe,0.30000000000000004,0.35000000000000003,0.325,29873
north,3,Pipe,0.7000000000000001,0.75,0.7250000000000001,34952
south,5,Pipe,0.05,0.1,0.07500000000000001,4962
south,6,Pipe,0.4,0.45,0.425,2998
west,1,Pipe,0.35000000000000003,0.4,0.375,3232
west,1,Pipe,0.25,0.30000000000000004,0.275,3854
south,6,Pipe,0.7000000000000001,0.75,0.7250000000000001,4169
south,7,Pipe,0.7000000000000001,0.75,0.7250000000000001,2268
south,4,Pipe,0.7000000000000001,0.75,0.7250000000000001,4593
west,2,Pipe,0.05,0.1,0.07500000000000001,5571
west,3,Pipe,0.15000000000000002,0.2,0.17500000000000002,2713
west,4,Pipe,0.5,0.55,0.525,2376
west,5,Pipe,0.75,0.8,0.775,2926
north,2,Pipe,0.4,0.45,0.425,26760
north,3,Pipe,0.8500000000000001,0.9,0.875,52277
north,7,Pipe,0.6000000000000001,0.65,0.625,13730
north,1,Pipe,0.65,0.7000000000000001,0.675,13443
south,1,Pipe,0.4,0.45,0.425,3126
north,1,Pipe,0.2,0.25,0.225,35475
west,5,Pipe,0.30000000000000004,0.35000000000000003,0.325,2037
west,6,Pipe,0.6000000000000001,0.65,0.625,1519
north,8,Pipe,0.1,0.15000000000000002,0.125,3507
south,4,Pipe,0.4,0.45,0.425,3677
south,5,Pipe,0.7000000000000001,0.75,0.7250000000000001,6018
west,2,Pipe,0.35000000000000003,0.4,0.375,2693
west,3,Pipe,0.65,0.7000000000000001,0.675,3295
west,2,Pipe,0.5,0.55,0.525,2566
west,3,Pipe,0.75,0.8,0.775,3667
west,4,Pipe,0.4,0.45,0.425,2321
west,4,Pipe,0.35000000000000003,0.4,0.375,2390
west,5,Pipe,0.7000000000000001,0.75,0.7250000000000001,2677
west,4,Pipe,0.2,0.25,0.225,2410
west,2,Pipe,0.15000000000000002,0.2,0.17500000000000002,3716
west,2,Pipe,0.1,0.15000000000000002,0.125,4423
west,3,Pipe,0.25,0.30000000000000004,0.275,2378
west,4,Pipe,0.7000000000000001,0.75,0.7250000000000001,3174
west,5,Pipe,0.9,0.95,0.925,6046
west,2,Pipe,0.8500000000000001,0.9,0.875,5723
west,3,Pipe,0.1,0.15000000000000002,0.125,4915
west,4,Pipe,0.45,0.5,0.475,2161
west,3,Pipe,0.35000000000000003,0.4,0.375,2147
west,4,Pipe,0.8500000000000001,0.9,0.875,5195
west,2,Pipe,0.4,0.45,0.425,2797
west,3,Pipe,0.7000000000000001,0.75,0.7250000000000001,3648
west,1,Pipe,0.15000000000000002,0.2,0.17500000000000002,5127
west,2,Pipe,0.9,0.95,0.925,7222
west,2,Pipe,0.2,0.25,0.225,3189
west,5,Pipe,0.05,0.1,0.07500000000000001,1294
west,6,Pipe,0.45,0.5,0.475,1096
west,7,Pipe,0.9,0.95,0.925,2845
west,3,Pipe,0.30000000000000004,0.35000000000000003,0.325,2304
west,2,Pipe,0.25,0.30000000000000004,0.275,2983
west,3,Pipe,0.45,0.5,0.475,2330
west,5,Pipe,0.65,0.7000000000000001,0.675,2532
west,6,Pipe,0.9,0.95,0.925,5810
west,2,Pipe,0.30000000000000004,0.35000000000000003,0.325,2757
west,3,Pipe,0.55,0.6000000000000001,0.5750000000000001,2676
west,4,Pipe,0.9,0.95,0.925,7490
north,7,Pipe,0.55,0.6000000000000001,0.5750000000000001,12925
west,5,Pipe,0.6000000000000001,0.65,0.625,2546
west,1,Pipe,0.2,0.25,0.225,4308
west,4,Pipe,0.1,0.15000000000000002,0.125,2180
west,5,Pipe,0.35000000000000003,0.4,0.375,2053
west,6,Pipe,0.65,0.7000000000000001,0.675,1681
north,1,Pipe,0.4,0.45,0.425,20558
south,7,Pipe,0.25,0.30000000000000004,0.275,1239
south,8,Pipe,0.65,0.7000000000000001,0.675,1489
south,3,Pipe,0.15000000000000002,0.2,0.17500000000000002,4884
south,4,Pipe,0.5,0.55,0.525,3779
south,1,Pipe,0.5,0.55,0.525,3232
south,2,Pipe,0.55,0.6000000000000001,0.5750000000000001,3247
south,3,Pipe,0.8500000000000001,0.9,0.875,6216
south,5,Pipe,0.8500000000000001,0.9,0.875,10861
south,4,Pipe,0.55,0.6000000000000001,0.5750000000000001,3720
south,2,Pipe,0.4,0.45,0.425,3430
south,3,Pipe,0.9,0.95,0.925,7773
south,3,Pipe,0.2,0.25,0.225,4551
south,4,Pipe,0.65,0.7000000000000001,0.675,4143
south,5,Pipe,0.35000000000000003,0.4,0.375,3897
south,2,Pipe,0.25,0.30000000000000004,0.275,4116
south,1,Pipe,0.45,0.5,0.475,3020
south,6,Pipe,0.05,0.1,0.07500000000000001,2289
west,1,Pipe,0.1,0.15000000000000002,0.125,6810
west,2,Pipe,0.8,0.8500000000000001,0.8250000000000001,4872
west,2,Pipe,0.7000000000000001,0.75,0.7250000000000001,3603
north,7,Pipe,0.30000000000000004,0.35000000000000003,0.325,10025
north,8,Pipe,0.65,0.7000000000000001,0.675,9767
south,5,Pipe,0.1,0.15000000000000002,0.125,5456
south,6,Pipe,0.30000000000000004,0.35000000000000003,0.325,2832
south,7,Pipe,0.8,0.8500000000000001,0.8250000000000001,3639
south,6,Pipe,0.35000000000000003,0.4,0.375,2875
south,7,Pipe,0.45,0.5,0.475,1504
south,4,Pipe,0.1,0.15000000000000002,0.125,4653
south,5,Pipe,0.2,0.25,0.225,4546
south,1,Pipe,0.05,0.1,0.07500000000000001,9174
south,2,Pipe,0.65,0.7000000000000001,0.675,3633
south,1,Pipe,0.6000000000000001,0.65,0.625,2664
south,2,Pipe,0.45,0.5,0.475,3265
south,5,Pipe,0.55,0.6000000000000001,0.5750000000000001,4770
south,1,Pipe,0.2,0.25,0.225,4470
south,4,Pipe,0.2,0.25,0.225,3787
west,6,Pipe,0.05,0.1,0.07500000000000001,917
west,7,Pipe,0.7000000000000001,0.75,0.7250000000000001,1093
west,6,Pipe,0.15000000000000002,0.2,0.17500000000000002,1025
west,7,Pipe,0.30000000000000004,0.35000000000000003,0.325,680
south,5,Pipe,0.8,0.8500000000000001,0.8250000000000001,8384
south,7,Pipe,0.75,0.8,0.775,2855
south,6,Pipe,0.8,0.8500000000000001,0.8250000000000001,5514
south,4,Pipe,0.8500000000000001,0.9,0.875,8363
south,5,Pipe,0.4,0.45,0.425,4182
south,6,Pipe,0.6000000000000001,0.65,0.625,3901
south,3,Pipe,0.7000000000000001,0.75,0.7250000000000001,4037
south,8,Pipe,0.1,0.15000000000000002,0.125,757
south,5,Pipe,0.45,0.5,0.475,3964
south,7,Pipe,0.1,0.15000000000000002,0.125,1649
south,8,Pipe,0.45,0.5,0.475,871
west,5,Pipe,0.1,0.15000000000000002,0.125,2172
west,6,Pipe,0.35000000000000003,0.4,0.375,855
south,5,Pipe,0.25,0.30000000000000004,0.275,4001
south,5,Pipe,0.30000000000000004,0.35000000000000003,0.325,3701
west,8,Pipe,0.35000000000000003,0.4,0.375,235
west,8,Pipe,0.8,0.8500000000000001,0.8250000000000001,1137
west,3,Pipe,0.2,0.25,0.225,2443
west,8,Pipe,0.8500000000000001,0.9,0.875,1228
north,1,Pipe,0.55,0.6000000000000001,0.5750000000000001,15279
north,7,Pipe,0.15000000000000002,0.2,0.17500000000000002,7667
north,7,Pipe,0.35000000000000003,0.4,0.375,10284
north,8,Pipe,0.4,0.45,0.425,5644
north,1,Pipe,0.45,0.5,0.475,17745
north,6,Pipe,0.2,0.25,0.225,20575
north,1,Pipe,0.35000000000000003,0.4,0.375,24081
west,1,Pipe,0.95,1,0.975,6718
west,8,Pipe,0.75,0.8,0.775,1060
west,7,Pipe,0.45,0.5,0.475,749
west,8,Pipe,0.9,0.95,0.925,2024
west,6,Pipe,0.30000000000000004,0.35000000000000003,0.325,832
west,6,Pipe,0.8,0.8500000000000001,0.8250000000000001,2832
west,2,Pipe,0.45,0.5,0.475,2421
west,3,Pipe,0.8500000000000001,0.9,0.875,4787
west,3,Pipe,0.8,0.8500000000000001,0.8250000000000001,3976
west,7,Pipe,0.55,0.6000000000000001,0.5750000000000001,854
west,5,Pipe,0.8,0.8500000000000001,0.8250000000000001,3485
west,7,Pipe,0.8,0.8500000000000001,0.8250000000000001,1196
west,6,Pipe,0.25,0.30000000000000004,0.275,937
west,8,Pipe,0.7000000000000001,0.75,0.7250000000000001,1007
west,3,Pipe,0.6000000000000001,0.65,0.625,2954
west,2,Pipe,0.6000000000000001,0.65,0.625,3037
west,4,Pipe,0.6000000000000001,0.65,0.625,2539
west,1,Pipe,0.9,0.95,0.925,3568
west,1,Pipe,0.75,0.8,0.775,1978
west,1,Pipe,0.45,0.5,0.475,3146
west,1,Pipe,0.65,0.7000000000000001,0.675,2788
west,1,Pipe,0.8500000000000001,0.9,0.875,2710
west,6,Pipe,0.5,0.55,0.525,1188
west,1,Pipe,0.30000000000000004,0.35000000000000003,0.325,3495
west,5,Pipe,0.8500000000000001,0.9,0.875,3762
west,1,Pipe,0.7000000000000001,0.75,0.7250000000000001,2513
west,1,Pipe,0.55,0.6000000000000001,0.5750000000000001,2809
west,5,Pipe,0.55,0.6000000000000001,0.5750000000000001,2382
west,1,Pipe,0.6000000000000001,0.65,0.625,2730
west,3,Pipe,0.4,0.45,0.425,2058
west,7,Pipe,0.5,0.55,0.525,816
west,1,Pipe,0.5,0.55,0.525,3094
west,2,Pipe,0.75,0.8,0.775,4058
west,2,Pipe,0.55,0.6000000000000001,0.5750000000000001,2813
west,5,Pipe,0.4,0.45,0.425,1939
west,8,Pipe,0.55,0.6000000000000001,0.5750000000000001,731
north,1,Pipe,0.6000000000000001,0.65,0.625,13576
north,1,Pipe,0.95,1,0.975,12549
north,1,Pipe,0.75,0.8,0.775,10130
north,1,Pipe,0.8500000000000001,0.9,0.875,7412
north,1,Pipe,0.7000000000000001,0.75,0.7250000000000001,11840
north,8,Pipe,0.5,0.55,0.525,6819
north,8,Pipe,0.30000000000000004,0.35000000000000003,0.325,4588
south,7,Pipe,0.30000000000000004,0.35000000000000003,0.325,1208
south,2,Pipe,0.6000000000000001,0.65,0.625,3297
south,4,Pipe,0.8,0.8500000000000001,0.8250000000000001,6572
south,2,Pipe,0.75,0.8,0.775,4306
south,1,Pipe,0.65,0.7000000000000001,0.675,2343
south,1,Pipe,0.7000000000000001,0.75,0.7250000000000001,1925
south,4,Pipe,0.35000000000000003,0.4,0.375,3625
south,5,Pipe,0.65,0.7000000000000001,0.675,5469
south,8,Pipe,0.5,0.55,0.525,819
south,8,Pipe,0.8500000000000001,0.9,0.875,3193
south,2,Pipe,0.7000000000000001,0.75,0.7250000000000001,3950
south,2,Pipe,0.2,0.25,0.225,4513
south,3,Pipe,0.4,0.45,0.425,4077
south,8,Pipe,0.7000000000000001,0.75,0.7250000000000001,1875
south,3,Pipe,0.65,0.7000000000000001,0.675,3643
south,1,Pipe,0.35000000000000003,0.4,0.375,3156
south,2,Pipe,0.5,0.55,0.525,3379
south,2,Pipe,0.8,0.8500000000000001,0.8250000000000001,4826
south,4,Pipe,0.30000000000000004,0.35000000000000003,0.325,3719
south,8,Pipe,0.25,0.30000000000000004,0.275,1284
south,6,Pipe,0.25,0.30000000000000004,0.275,3066
south,7,Pipe,0.2,0.25,0.225,1431
south,6,Pipe,0.75,0.8,0.775,4810
south,1,Pipe,0.25,0.30000000000000004,0.275,3724
south,1,Pipe,0.95,1,0.975,5751
south,1,Pipe,0.8,0.8500000000000001,0.8250000000000001,1364
south,1,Pipe,0.8500000000000001,0.9,0.875,1302
south,1,Pipe,0.55,0.6000000000000001,0.5750000000000001,3060
south,3,Pipe,0.6000000000000001,0.65,0.625,3460
south,7,Pipe,0.15000000000000002,0.2,0.17500000000000002,1394
south,7,Pipe,0.05,0.1,0.07500000000000001,1769
west,7,Pipe,0.6000000000000001,0.65,0.625,794
west,4,Pipe,0.65,0.7000000000000001,0.675,2770
west,4,Pipe,0.55,0.6000000000000001,0.5750000000000001,2331
west,6,Pipe,0.55,0.6000000000000001,0.5750000000000001,1377
west,5,Pipe,0.2,0.25,0.225,1904
west,8,Pipe,0.1,0.15000000000000002,0.125,213
west,6,Pipe,0.2,0.25,0.225,1023
south,1,Pipe,0.9,0.95,0.925,2127
south,7,Pipe,0.65,0.7000000000000001,0.675,2052
south,8,Pipe,0.35000000000000003,0.4,0.375,1126
west,7,Pipe,0.75,0.8,0.775,1158
south,8,Pipe,0.55,0.6000000000000001,0.5750000000000001,965
west,7,Pipe,0.25,0.30000000000000004,0.275,620
west,7,Pipe,0.65,0.7000000000000001,0.675,958
west,8,Pipe,0.45,0.5,0.475,501
west,6,Pipe,0.1,0.15000000000000002,0.125,1166
south,8,Pipe,0.15000000000000002,0.2,0.17500000000000002,781
south,7,Pipe,0.4,0.45,0.425,1470
south,8,Pipe,0.75,0.8,0.775,2330
west,7,Pipe,0.05,0.1,0.07500000000000001,316
south,1,Pipe,0.75,0.8,0.775,1286
south,8,Pipe,0.05,0.1,0.07500000000000001,630
west,8,Pipe,0.15000000000000002,0.2,0.17500000000000002,203
west,8,Pipe,0.6000000000000001,0.65,0.625,830
west,7,Pipe,0.35000000000000003,0.4,0.375,683
west,7,Pipe,0.4,0.45,0.425,680
west,8,Pipe,0.5,0.55,0.525,598
south,8,Pipe,0.6000000000000001,0.65,0.625,1240
west,8,Pipe,0.05,0.1,0.07500000000000001,286
west,8,Pipe,0.4,0.45,0.425,256
west,8,Pipe,0.30000000000000004,0.35000000000000003,0.325,242
west,7,Pipe,0.1,0.15000000000000002,0.125,527
west,8,Pipe,0.25,0.30000000000000004,0.275,222
west,8,Pipe,0.2,0.25,0.225,212
north,1,Flow path,0.05,0.1,0.07500000000000001,199764
north,2,Flow path,0.7000000000000001,0.75,0.7250000000000001,61292
north,3,Flow path,0.95,1,0.975,1511860
north,4,Flow path,0.95,1,0.975,2565578
north,5,Flow path,0.95,1,0.975,3386990
north,6,Flow path,0.95,1,0.975,3837664
north,7,Flow path,0.95,1,0.975,4184351
north,8,Flow path,0.95,1,0.975,4186000
north,1,Flow path,0,0.05,0.025,3117892
north,2,Flow path,0,0.05,0.025,1983881
north,3,Flow path,0.15000000000000002,0.2,0.17500000000000002,97037
north,4,Flow path,0.75,0.8,0.775,53828
north,4,Flow path,0.7000000000000001,0.75,0.7250000000000001,46944
north,3,Flow path,0.1,0.15000000000000002,0.125,317406
north,4,Flow path,0.6000000000000001,0.65,0.625,39175
north,3,Flow path,0.05,0.1,0.07500000000000001,1121515
north,4,Flow path,0.30000000000000004,0.35000000000000003,0.325,43379
north,5,Flow path,0.65,0.7000000000000001,0.675,24005
north,4,Flow path,0.55,0.6000000000000001,0.5750000000000001,36362
north,5,Flow path,0.8500000000000001,0.9,0.875,39863
north,2,Flow path,0.1,0.15000000000000002,0.125,140439
north,3,Flow path,0.5,0.55,0.525,59063
north,2,Flow path,0.25,0.30000000000000004,0.275,86781
north,3,Flow path,0.45,0.5,0.475,58242
north,4,Flow path,0.8500000000000001,0.9,0.875,88035
north,4,Flow path,0.25,0.30000000000000004,0.275,240789
north,4,Flow path,0.5,0.55,0.525,33574
south,1,Flow path,0,0.05,0.025,856872
south,2,Flow path,0,0.05,0.025,740510
south,3,Flow path,0,0.05,0.025,690864
south,4,Flow path,0.1,0.15000000000000002,0.125,17593
south,5,Flow path,0.45,0.5,0.475,11554
south,6,Flow path,0.95,1,0.975,692595
south,7,Flow path,0.95,1,0.975,786509
south,8,Flow path,0.95,1,0.975,820935
south,1,Flow path,0.35000000000000003,0.4,0.375,9183
south,2,Flow path,0.95,1,0.975,106682
south,3,Flow path,0.95,1,0.975,232691
south,4,Flow path,0.95,1,0.975,313134
south,5,Flow path,0.95,1,0.975,439504
south,2,Flow path,0.45,0.5,0.475,7515
south,3,Flow path,0.8500000000000001,0.9,0.875,7657
north,1,Flow path,0.25,0.30000000000000004,0.275,62234
north,2,Flow path,0.95,1,0.975,679588
north,3,Flow path,0.8,0.8500000000000001,0.8250000000000001,86141
north,2,Flow path,0.65,0.7000000000000001,0.675,59228
north,1,Flow path,0.45,0.5,0.475,36833
north,2,Flow path,0.35000000000000003,0.4,0.375,64224
north,3,Flow path,0.8500000000000001,0.9,0.875,107520
north,2,Flow path,0.30000000000000004,0.35000000000000003,0.325,71654
north,2,Flow path,0.45,0.5,0.475,56664
north,2,Flow path,0.05,0.1,0.07500000000000001,218939
north,3,Flow path,0.2,0.25,0.225,74526
north,5,Flow path,0.45,0.5,0.475,148174
north,6,Flow path,0.75,0.8,0.775,37976
north,2,Flow path,0.2,0.25,0.225,100560
north,4,Flow path,0.9,0.95,0.925,134617
north,3,Flow path,0.55,0.6000000000000001,0.5750000000000001,65131
north,3,Flow path,0.9,0.95,0.925,151935
north,2,Flow path,0.5,0.55,0.525,54694
north,2,Flow path,0.75,0.8,0.775,61544
north,3,Flow path,0.25,0.30000000000000004,0.275,67563
north,1,Flow path,0.95,1,0.975,84914
north,3,Flow path,0.6000000000000001,0.65,0.625,72359
north,3,Flow path,0.7000000000000001,0.75,0.7250000000000001,74450
north,3,Flow path,0.65,0.7000000000000001,0.675,75620
north,2,Flow path,0.6000000000000001,0.65,0.625,55447
north,5,Flow path,0.55,0.6000000000000001,0.5750000000000001,34609
north,6,Flow path,0.9,0.95,0.925,106777
north,2,Flow path,0.55,0.6000000000000001,0.5750000000000001,55058
north,1,Flow path,0.9,0.95,0.925,26290
north,3,Flow path,0.4,0.45,0.425,54058
south,4,Flow path,0,0.05,0.025,578222
south,5,Flow path,0,0.05,0.025,381231
south,6,Flow path,0.15000000000000002,0.2,0.17500000000000002,3084
south,6,Flow path,0,0.05,0.025,247837
south,7,Flow path,0,0.05,0.025,219145
south,8,Flow path,0.25,0.30000000000000004,0.275,1431
south,8,Flow path,0.30000000000000004,0.35000000000000003,0.325,874
south,8,Flow path,0,0.05,0.025,187087
south,5,Flow path,0.2,0.25,0.225,5430
south,5,Flow path,0.65,0.7000000000000001,0.675,18462
south,2,Flow path,0.35000000000000003,0.4,0.375,9894
south,3,Flow path,0.75,0.8,0.775,7841
south,1,Flow path,0.5,0.55,0.525,6915
south,4,Flow path,0.05,0.1,0.07500000000000001,28267
south,5,Flow path,0.35000000000000003,0.4,0.375,7191
south,7,Flow path,0.75,0.8,0.775,3402
south,6,Flow path,0.25,0.30000000000000004,0.275,3493
south,6,Flow path,0.55,0.6000000000000001,0.5750000000000001,4076
south,6,Flow path,0.45,0.5,0.475,2924
south,1,Flow path,0.30000000000000004,0.35000000000000003,0.325,8581
south,6,Flow path,0.9,0.95,0.925,18273
south,1,Flow path,0.95,1,0.975,16572
south,3,Flow path,0.05,0.1,0.07500000000000001,8329
south,4,Flow path,0.25,0.30000000000000004,0.275,5675
south,5,Flow path,0.5,0.55,0.525,11914
south,6,Flow path,0.8500000000000001,0.9,0.875,11108
north,4,Flow path,0.8,0.8500000000000001,0.8250000000000001,64881
north,1,Flow path,0.15000000000000002,0.2,0.17500000000000002,83175
north,2,Flow path,0.8,0.8500000000000001,0.8250000000000001,68226
north,1,Flow path,0.1,0.15000000000000002,0.125,119782
south,1,Flow path,0.25,0.30000000000000004,0.275,8118
south,4,Flow path,0.8500000000000001,0.9,0.875,7483
south,4,Flow path,0.9,0.95,0.925,12245
north,1,Flow path,0.30000000000000004,0.35000000000000003,0.325,56290
north,2,Flow path,0.8500000000000001,0.9,0.875,82192
north,2,Flow path,0.4,0.45,0.425,57356
north,2,Flow path,0.9,0.95,0.925,109271
north,1,Flow path,0.2,0.25,0.225,70444
west,1,Flow path,0.05,0.1,0.07500000000000001,4391
west,2,Flow path,0.8,0.8500000000000001,0.8250000000000001,5990
west,3,Flow path,0.95,1,0.975,178730
west,4,Flow path,0.95,1,0.975,260343
west,5,Flow path,0.95,1,0.975,331667
west,6,Flow path,0.95,1,0.975,411901
west,7,Flow path,0.95,1,0.975,514443
west,8,Flow path,0.95,1,0.975,614993
north,3,Flow path,0,0.05,0.025,4500
north,4,Flow path,0,0.05,0.025,4500
north,5,Flow path,0,0.05,0.025,4500
north,6,Flow path,0,0.05,0.025,4500
north,7,Flow path,0,0.05,0.025,4500
north,8,Flow path,0,0.05,0.025,4500
west,1,Flow path,0,0.05,0.025,485063
west,2,Flow path,0,0.05,0.025,396280
west,3,Flow path,0,0.05,0.025,243211
west,4,Flow path,0,0.05,0.025,176408
west,5,Flow path,0.4,0.45,0.425,20794
west,5,Flow path,0,0.05,0.025,139894
west,6,Flow path,0,0.05,0.025,111896
west,7,Flow path,0.6000000000000001,0.65,0.625,2707
west,4,Flow path,0.05,0.1,0.07500000000000001,36221
west,5,Flow path,0.25,0.30000000000000004,0.275,7100
west,6,Flow path,0.8500000000000001,0.9,0.875,16900
north,6,Flow path,0.8,0.8500000000000001,0.8250000000000001,49409
north,5,Flow path,0.5,0.55,0.525,74440
north,6,Flow path,0.8500000000000001,0.9,0.875,60031
north,5,Flow path,0.75,0.8,0.775,28547
west,5,Flow path,0.1,0.15000000000000002,0.125,1392
west,6,Flow path,0.75,0.8,0.775,9625
north,4,Flow path,0.35000000000000003,0.4,0.375,34872
north,5,Flow path,0.6000000000000001,0.65,0.625,27725
west,3,Flow path,0.05,0.1,0.07500000000000001,71897
west,4,Flow path,0.30000000000000004,0.35000000000000003,0.325,20754
north,4,Flow path,0.45,0.5,0.475,33958
north,5,Flow path,0.7000000000000001,0.75,0.7250000000000001,25994
north,4,Flow path,0.65,0.7000000000000001,0.675,42170
north,2,Flow path,0.15000000000000002,0.2,0.17500000000000002,123462
north,3,Flow path,0.30000000000000004,0.35000000000000003,0.325,58749
north,5,Flow path,0.9,0.95,0.925,60962
north,1,Flow path,0.8500000000000001,0.9,0.875,22592
north,3,Flow path,0.35000000000000003,0.4,0.375,55635
north,5,Flow path,0.8,0.8500000000000001,0.8250000000000001,32924
south,1,Flow path,0.15000000000000002,0.2,0.17500000000000002,9334
south,2,Flow path,0.9,0.95,0.925,15211
south,8,Flow path,0.45,0.5,0.475,489
west,5,Flow path,0.9,0.95,0.925,5779
south,4,Flow path,0.15000000000000002,0.2,0.17500000000000002,9466
south,5,Flow path,0.9,0.95,0.925,24835
south,1,Flow path,0.45,0.5,0.475,8303
south,4,Flow path,0.7000000000000001,0.75,0.7250000000000001,4363
south,2,Flow path,0.25,0.30000000000000004,0.275,11805
south,3,Flow path,0.5,0.55,0.525,3866
west,3,Flow path,0.55,0.6000000000000001,0.5750000000000001,3063
west,1,Flow path,0.2,0.25,0.225,9944
west,2,Flow path,0.95,1,0.975,105974
north,1,Flow path,0.8,0.8500000000000001,0.8250000000000001,25990
north,1,Flow path,0.7000000000000001,0.75,0.7250000000000001,32280
north,3,Flow path,0.75,0.8,0.775,77190
north,1,Flow path,0.55,0.6000000000000001,0.5750000000000001,32453
west,1,Flow path,0.1,0.15000000000000002,0.125,7252
west,1,Flow path,0.4,0.45,0.425,4245
west,2,Flow path,0.25,0.30000000000000004,0.275,8222
west,3,Flow path,0.8,0.8500000000000001,0.8250000000000001,9945
west,1,Flow path,0.95,1,0.975,16220
west,1,Flow path,0.8500000000000001,0.9,0.875,6150
south,5,Flow path,0.15000000000000002,0.2,0.17500000000000002,4673
south,2,Flow path,0.65,0.7000000000000001,0.675,8850
south,4,Flow path,0.2,0.25,0.225,6597
south,6,Flow path,0.1,0.15000000000000002,0.125,2377
south,7,Flow path,0.8,0.8500000000000001,0.8250000000000001,3594
south,4,Flow path,0.35000000000000003,0.4,0.375,5361
west,1,Flow path,0.9,0.95,0.925,7463
north,1,Flow path,0.4,0.45,0.425,44248
south,2,Flow path,0.15000000000000002,0.2,0.17500000000000002,12242
south,3,Flow path,0.30000000000000004,0.35000000000000003,0.325,3663
west,2,Flow path,0.5,0.55,0.525,3492
north,1,Flow path,0.6000000000000001,0.65,0.625,31442
north,1,Flow path,0.35000000000000003,0.4,0.375,49499
north,1,Flow path,0.75,0.8,0.775,27782
south,1,Flow path,0.4,0.45,0.425,8981
north,4,Flow path,0.4,0.45,0.425,32062
west,4,Flow path,0.15000000000000002,0.2,0.17500000000000002,20476
west,5,Flow path,0.55,0.6000000000000001,0.5750000000000001,21530
south,2,Flow path,0.75,0.8,0.775,10150
west,2,Flow path,0.4,0.45,0.425,4975
west,3,Flow path,0.7000000000000001,0.75,0.7250000000000001,5577
west,2,Flow path,0.7000000000000001,0.75,0.7250000000000001,4048
west,3,Flow path,0.9,0.95,0.925,11642
west,2,Flow path,0.35000000000000003,0.4,0.375,6964
west,2,Flow path,0.2,0.25,0.225,9402
west,2,Flow path,0.30000000000000004,0.35000000000000003,0.325,7172
west,2,Flow path,0.8500000000000001,0.9,0.875,7568
west,1,Flow path,0.15000000000000002,0.2,0.17500000000000002,9103
west,5,Flow path,0.45,0.5,0.475,21514
west,3,Flow path,0.65,0.7000000000000001,0.675,4119
west,2,Flow path,0.9,0.95,0.925,10879
west,2,Flow path,0.15000000000000002,0.2,0.17500000000000002,9088
west,2,Flow path,0.75,0.8,0.775,4593
west,1,Flow path,0.65,0.7000000000000001,0.675,6368
west,1,Flow path,0.6000000000000001,0.65,0.625,6235
west,1,Flow path,0.55,0.6000000000000001,0.5750000000000001,5705
west,1,Flow path,0.5,0.55,0.525,4993
south,1,Flow path,0.05,0.1,0.07500000000000001,38542
south,2,Flow path,0.7000000000000001,0.75,0.7250000000000001,9142
south,5,Flow path,0.8500000000000001,0.9,0.875,17142
west,3,Flow path,0.8500000000000001,0.9,0.875,12617
north,1,Flow path,0.65,0.7000000000000001,0.675,31987
south,5,Flow path,0.1,0.15000000000000002,0.125,5331
south,5,Flow path,0.4,0.45,0.425,9394
south,5,Flow path,0.55,0.6000000000000001,0.5750000000000001,16408
south,1,Flow path,0.65,0.7000000000000001,0.675,4440
south,1,Flow path,0.1,0.15000000000000002,0.125,21312
south,2,Flow path,0.8500000000000001,0.9,0.875,11324
south,3,Flow path,0.8,0.8500000000000001,0.8250000000000001,7712
south,3,Flow path,0.65,0.7000000000000001,0.675,6336
south,4,Flow path,0.75,0.8,0.775,4457
west,4,Flow path,0.8,0.8500000000000001,0.8250000000000001,5814
west,6,Flow path,0.15000000000000002,0.2,0.17500000000000002,1288
west,7,Flow path,0.9,0.95,0.925,2517
south,4,Flow path,0.5,0.55,0.525,4622
south,4,Flow path,0.8,0.8500000000000001,0.8250000000000001,5486
west,1,Flow path,0.25,0.30000000000000004,0.275,9021
west,1,Flow path,0.30000000000000004,0.35000000000000003,0.325,7565
south,2,Flow path,0.8,0.8500000000000001,0.8250000000000001,9940
south,3,Flow path,0.7000000000000001,0.75,0.7250000000000001,6826
south,5,Flow path,0.75,0.8,0.775,16549
south,2,Flow path,0.5,0.55,0.525,8022
south,2,Flow path,0.05,0.1,0.07500000000000001,9094
south,3,Flow path,0.15000000000000002,0.2,0.17500000000000002,4182
south,5,Flow path,0.8,0.8500000000000001,0.8250000000000001,13473
west,2,Flow path,0.45,0.5,0.475,4896
west,5,Flow path,0.5,0.55,0.525,22223
west,6,Flow path,0.9,0.95,0.925,25734
west,2,Flow path,0.1,0.15000000000000002,0.125,9604
west,3,Flow path,0.45,0.5,0.475,2658
west,3,Flow path,0.2,0.25,0.225,4942
west,5,Flow path,0.30000000000000004,0.35000000000000003,0.325,8866
west,4,Flow path,0.8500000000000001,0.9,0.875,6490
west,6,Flow path,0.05,0.1,0.07500000000000001,916
west,7,Flow path,0.7000000000000001,0.75,0.7250000000000001,2544
west,7,Flow path,0,0.05,0.025,45510
west,8,Flow path,0,0.05,0.025,2500
west,3,Flow path,0.5,0.55,0.525,3046
north,1,Flow path,0.5,0.55,0.525,34609
west,7,Flow path,0.75,0.8,0.775,1160
west,6,Flow path,0.30000000000000004,0.35000000000000003,0.325,1202
west,6,Flow path,0.8,0.8500000000000001,0.8250000000000001,12196
west,6,Flow path,0.25,0.30000000000000004,0.275,934
west,3,Flow path,0.6000000000000001,0.65,0.625,2954
west,2,Flow path,0.6000000000000001,0.65,0.625,2719
west,2,Flow path,0.65,0.7000000000000001,0.675,3232
west,4,Flow path,0.9,0.95,0.925,7865
west,1,Flow path,0.45,0.5,0.475,4651
west,1,Flow path,0.75,0.8,0.775,5718
west,4,Flow path,0.75,0.8,0.775,5367
west,4,Flow path,0.4,0.45,0.425,1447
west,5,Flow path,0.75,0.8,0.775,1863
west,2,Flow path,0.05,0.1,0.07500000000000001,10342
west,3,Flow path,0.30000000000000004,0.35000000000000003,0.325,2750
west,1,Flow path,0.8,0.8500000000000001,0.8250000000000001,5463
west,3,Flow path,0.1,0.15000000000000002,0.125,39955
west,5,Flow path,0.6000000000000001,0.65,0.625,3233
west,1,Flow path,0.7000000000000001,0.75,0.7250000000000001,6500
west,4,Flow path,0.7000000000000001,0.75,0.7250000000000001,4321
west,3,Flow path,0.25,0.30000000000000004,0.275,3814
west,1,Flow path,0.35000000000000003,0.4,0.375,5950
west,3,Flow path,0.75,0.8,0.775,7693
south,3,Flow path,0.1,0.15000000000000002,0.125,8418
south,4,Flow path,0.65,0.7000000000000001,0.675,4694
south,3,Flow path,0.35000000000000003,0.4,0.375,4140
south,2,Flow path,0.1,0.15000000000000002,0.125,12015
south,3,Flow path,0.45,0.5,0.475,4196
south,2,Flow path,0.6000000000000001,0.65,0.625,8335
south,3,Flow path,0.9,0.95,0.925,14408
south,1,Flow path,0.9,0.95,0.925,3565
south,1,Flow path,0.8500000000000001,0.9,0.875,2686
south,1,Flow path,0.55,0.6000000000000001,0.5750000000000001,5414
south,5,Flow path,0.7000000000000001,0.75,0.7250000000000001,15338
south,6,Flow path,0.4,0.45,0.425,2644
south,2,Flow path,0.55,0.6000000000000001,0.5750000000000001,8125
south,1,Flow path,0.2,0.25,0.225,7735
south,2,Flow path,0.4,0.45,0.425,8752
south,7,Flow path,0.30000000000000004,0.35000000000000003,0.325,348
south,6,Flow path,0.35000000000000003,0.4,0.375,3175
south,2,Flow path,0.30000000000000004,0.35000000000000003,0.325,10895
south,4,Flow path,0.30000000000000004,0.35000000000000003,0.325,5111
south,8,Flow path,0.8500000000000001,0.9,0.875,1115
south,4,Flow path,0.4,0.45,0.425,4453
south,1,Flow path,0.7000000000000001,0.75,0.7250000000000001,3436
south,2,Flow path,0.2,0.25,0.225,11997
south,3,Flow path,0.4,0.45,0.425,4525
south,1,Flow path,0.6000000000000001,0.65,0.625,4654
south,1,Flow path,0.75,0.8,0.775,3094
south,7,Flow path,0.55,0.6000000000000001,0.5750000000000001,1642
south,8,Flow path,0.9,0.95,0.925,2832
south,6,Flow path,0.65,0.7000000000000001,0.675,4573
west,7,Flow path,0.8500000000000001,0.9,0.875,1850
west,4,Flow path,0.1,0.15000000000000002,0.125,7244
west,4,Flow path,0.55,0.6000000000000001,0.5750000000000001,2898
west,6,Flow path,0.55,0.6000000000000001,0.5750000000000001,1141
south,3,Flow path,0.2,0.25,0.225,2697
south,1,Flow path,0.8,0.8500000000000001,0.8250000000000001,2763
south,3,Flow path,0.6000000000000001,0.65,0.625,5017
south,4,Flow path,0.55,0.6000000000000001,0.5750000000000001,4468
south,5,Flow path,0.05,0.1,0.07500000000000001,5037
south,7,Flow path,0.9,0.95,0.925,2399
south,4,Flow path,0.6000000000000001,0.65,0.625,4247
south,8,Flow path,0.35000000000000003,0.4,0.375,461
south,4,Flow path,0.45,0.5,0.475,4556
west,3,Flow path,0.4,0.45,0.425,2450
south,6,Flow path,0.30000000000000004,0.35000000000000003,0.325,3301
south,6,Flow path,0.75,0.8,0.775,6907
north,6,Flow path,0.55,0.6000000000000001,0.5750000000000001,15631
north,6,Flow path,0.7000000000000001,0.75,0.7250000000000001,24635
south,6,Flow path,0.2,0.25,0.225,2799
south,5,Flow path,0.6000000000000001,0.65,0.625,14584
south,6,Flow path,0.5,0.55,0.525,3507
south,6,Flow path,0.8,0.8500000000000001,0.8250000000000001,8204
west,7,Flow path,0.35000000000000003,0.4,0.375,3214
west,6,Flow path,0.65,0.7000000000000001,0.675,6757
north,6,Flow path,0.6000000000000001,0.65,0.625,18923
north,6,Flow path,0.65,0.7000000000000001,0.675,26879
west,6,Flow path,0.6000000000000001,0.65,0.625,4490
south,6,Flow path,0.7000000000000001,0.75,0.7250000000000001,4771
south,7,Flow path,0.7000000000000001,0.75,0.7250000000000001,2270
west,2,Flow path,0.55,0.6000000000000001,0.5750000000000001,2560
south,5,Flow path,0.25,0.30000000000000004,0.275,5677
west,6,Flow path,0.1,0.15000000000000002,0.125,1211
west,7,Flow path,0.65,0.7000000000000001,0.675,3038
west,6,Flow path,0.7000000000000001,0.75,0.7250000000000001,7207
west,4,Flow path,0.35000000000000003,0.4,0.375,1181
west,7,Flow path,0.55,0.6000000000000001,0.5750000000000001,3435
west,6,Flow path,0.5,0.55,0.525,852
west,6,Flow path,0.35000000000000003,0.4,0.375,979
west,6,Flow path,0.2,0.25,0.225,1132
west,6,Flow path,0.45,0.5,0.475,753
west,5,Flow path,0.2,0.25,0.225,3959
west,5,Flow path,0.8,0.8500000000000001,0.8250000000000001,1635
west,3,Flow path,0.35000000000000003,0.4,0.375,2519
west,5,Flow path,0.7000000000000001,0.75,0.7250000000000001,1938
west,5,Flow path,0.8500000000000001,0.9,0.875,2858
south,3,Flow path,0.55,0.6000000000000001,0.5750000000000001,4357
south,7,Flow path,0.1,0.15000000000000002,0.125,305
south,7,Flow path,0.8500000000000001,0.9,0.875,2991
south,6,Flow path,0.05,0.1,0.07500000000000001,1014
south,7,Flow path,0.45,0.5,0.475,721
south,8,Flow path,0.8,0.8500000000000001,0.8250000000000001,1035
west,7,Flow path,0.5,0.55,0.525,4256
west,4,Flow path,0.65,0.7000000000000001,0.675,3692
west,5,Flow path,0.65,0.7000000000000001,0.675,2460
south,8,Flow path,0.75,0.8,0.775,1067
south,8,Flow path,0.15000000000000002,0.2,0.17500000000000002,3271
south,3,Flow path,0.25,0.30000000000000004,0.275,2775
south,5,Flow path,0.30000000000000004,0.35000000000000003,0.325,6773
north,4,Flow path,0.2,0.25,0.225,263690
north,4,Flow path,0.15000000000000002,0.2,0.17500000000000002,283175
west,4,Flow path,0.2,0.25,0.225,24790
west,4,Flow path,0.25,0.30000000000000004,0.275,23901
west,4,Flow path,0.6000000000000001,0.65,0.625,3790
west,3,Flow path,0.15000000000000002,0.2,0.17500000000000002,4418
south,7,Flow path,0.65,0.7000000000000001,0.675,2175
south,7,Flow path,0.5,0.55,0.525,1077
south,8,Flow path,0.2,0.25,0.225,2287
south,7,Flow path,0.35000000000000003,0.4,0.375,419
south,8,Flow path,0.1,0.15000000000000002,0.125,2162
south,6,Flow path,0.6000000000000001,0.65,0.625,3838
north,5,Flow path,0.35000000000000003,0.4,0.375,105148
south,7,Flow path,0.6000000000000001,0.65,0.625,1771
west,5,Flow path,0.35000000000000003,0.4,0.375,16433
west,7,Flow path,0.4,0.45,0.425,6613
north,5,Flow path,0.4,0.45,0.425,115211
west,4,Flow path,0.45,0.5,0.475,2236
west,4,Flow path,0.5,0.55,0.525,2762
south,7,Flow path,0.05,0.1,0.07500000000000001,298
south,8,Flow path,0.7000000000000001,0.75,0.7250000000000001,917
south,8,Flow path,0.05,0.1,0.07500000000000001,2072
west,7,Flow path,0.2,0.25,0.225,3059
west,7,Flow path,0.8,0.8500000000000001,0.8250000000000001,1218
south,8,Flow path,0.5,0.55,0.525,520
west,5,Flow path,0.15000000000000002,0.2,0.17500000000000002,2405
north,5,Flow path,0.30000000000000004,0.35000000000000003,0.325,76566
north,6,Flow path,0.5,0.55,0.525,8075
west,7,Flow path,0.30000000000000004,0.35000000000000003,0.325,4358
west,7,Flow path,0.45,0.5,0.475,5120
west,5,Flow path,0.05,0.1,0.07500000000000001,457
west,6,Flow path,0.4,0.45,0.425,886
south,7,Flow path,0.2,0.25,0.225,283
south,8,Flow path,0.55,0.6000000000000001,0.5750000000000001,486
south,7,Flow path,0.4,0.45,0.425,487
west,7,Flow path,0.25,0.30000000000000004,0.275,3938
south,7,Flow path,0.25,0.30000000000000004,0.275,375
north,7,Flow path,0.9,0.95,0.925,1649
west,7,Flow path,0.15000000000000002,0.2,0.17500000000000002,2660
west,7,Flow path,0.1,0.15000000000000002,0.125,2994
south,8,Flow path,0.65,0.7000000000000001,0.675,623
north,4,Flow path,0.1,0.15000000000000002,0.125,148911
south,7,Flow path,0.15000000000000002,0.2,0.17500000000000002,289
south,8,Flow path,0.4,0.45,0.425,322
west,7,Flow path,0.05,0.1,0.07500000000000001,3366
south,8,Flow path,0.6000000000000001,0.65,0.625,514
north,5,Flow path,0.25,0.30000000000000004,0.275,4842
west,8,Flow path,0.9,0.95,0.925,507
