wwtp,day_index,sim,part.class,threshold_mode,hourly_settle_exposure_HRT,daily_settle_exposure_HRT,hourly_resusp_exposure_HRT,daily_resusp_exposure_HRT,difference_settle_hourly_minus_daily,difference_resusp_hourly_minus_daily
north,1,1,1,midpoint,0.6341565770818867,0.6170926074669301,0.3115623678106369,0.3208363022425541,0.017063969614956598,-0.009273934431917208
north,1,1,2,midpoint,0.7424111093110332,0.731758294324698,0.24230912699066204,0.25017370081432355,0.01065281498633519,-0.007864573823661514
north,1,1,3,midpoint,0.8211473427582341,0.8165619835358917,0.07014535966480288,0.06882542325914687,0.004585359222342378,0.0013199364056560164
north,1,1,4,midpoint,0.8870882569721752,0.8878220969637517,0.030342274507388304,0.0302166076495187,-7.338399915765015e-4,1.2566685786960519e-4
north,1,1,5,midpoint,0.9438346528400903,0.9447006647077062,0.016386878611047016,0.016213080743097057,-8.660118676159234e-4,1.7379786794995827e-4
north,1,1,6,midpoint,0.9650859379090534,0.9654850030880593,0.00861568462833857,0.00850342754430535,-3.9906517900589744e-4,1.1225708403322064e-4
north,1,1,7,midpoint,0.9726590424694662,0.9727933154661399,0.0026340799157475456,0.0022876824163282745,-1.3427299667367887e-4,3.4639749941927115e-4
north,1,1,8,midpoint,0.9780757765712575,0.9783393738535876,0,0,-2.6359728233005253e-4,0
north,2,1,1,midpoint,0.6352137806085942,0.6175160295333681,0.310777908136531,0.32033365377830575,0.017697751075226087,-0.009555745641774749
north,2,1,2,midpoint,0.7431454000478744,0.7323386215504342,0.2416519170675629,0.24978797580624895,0.010806778497440273,-0.008136058738686058
north,2,1,3,midpoint,0.821559798391106,0.8169351091977941,0.0699432070178791,0.06872672882083775,0.004624689193311937,0.0012164781970413485
north,2,1,4,midpoint,0.8873499941831599,0.8883207507928945,0.03029105843221272,0.030037522591758944,-9.707566097346687e-4,2.535358404537752e-4
north,2,1,5,midpoint,0.9439523275146053,0.9450698400630391,0.01637335581222819,0.0162410275865648,-0.00111751254843373,1.3232822566339175e-4
north,2,1,6,midpoint,0.9651819617495755,0.9656180058774325,0.008617863764675781,0.00857020253178007,-4.3604412785702706e-4,4.766123289571059e-5
north,2,1,7,midpoint,0.9727025598360671,0.9728590653395831,0.0026239606844110164,0.0022609862620012284,-1.5650550351598014e-4,3.62974422409788e-4
north,2,1,8,midpoint,0.9781248773646218,0.9783949293260882,0,0,-2.7005196146634436e-4,0
north,3,1,1,midpoint,0.6297934709812277,0.6123546080556328,0.3154378416788085,0.32471183016253546,0.017438862925594933,-0.009273988483726958
north,3,1,2,midpoint,0.7392794509123609,0.7286211442599029,0.24529520426533366,0.2532409274581619,0.010658306652458038,-0.007945723192828241
north,3,1,3,midpoint,0.8188929016473874,0.8142177707789274,0.0709773768331407,0.0697579446100747,0.004675130868459942,0.0012194322230660026
north,3,1,4,midpoint,0.8857820872483683,0.8866918074320572,0.030731589078897916,0.030474241078470285,-9.097201836889557e-4,2.5734800042763115e-4
north,3,1,5,midpoint,0.9431549449599714,0.9442361124053429,0.01661591286320566,0.01643113758680839,-0.001081167445371456,1.8477527639727126e-4
north,3,1,6,midpoint,0.9646628842770851,0.9650602387057545,0.008719735658173997,0.008661914585171487,-3.973544286693942e-4,5.7821073002509854e-5
north,3,1,7,midpoint,0.9723101887781203,0.9724540640046011,0.0026785456247546287,0.002295539731194805,-1.438752264808496e-4,3.8300589355982385e-4
north,3,1,8,midpoint,0.9777811250989535,0.9780407689189113,0,0,-2.5964381995779995e-4,0
north,4,1,1,midpoint,0.6302524089957845,0.6124762918658783,0.3149846506941972,0.32432058957261556,0.017776117129906233,-0.009335938878418382
north,4,1,2,midpoint,0.7397101799685671,0.7290811003309672,0.2449004737112737,0.2526526963839734,0.010629079637599959,-0.007752222672699732
north,4,1,3,midpoint,0.8191069061271646,0.8144386672428129,0.07092297745924812,0.06976767774303959,0.00466823888435175,0.0011552997162085354
north,4,1,4,midpoint,0.8858637482355287,0.8867661572645694,0.03069785911686708,0.030477979223598628,-9.024090290407072e-4,2.1987989326845148e-4
north,4,1,5,midpoint,0.9432360387752762,0.9440319556241586,0.01656944857711277,0.016477065578159734,-7.959168488824719e-4,9.238299895303684e-5
north,4,1,6,midpoint,0.9646842164049172,0.9650883316655163,0.008703547658654389,0.008633221444445638,-4.0411526059913605e-4,7.032621420875046e-5
north,4,1,7,midpoint,0.9723595956651906,0.9724878184860232,0.0026708441118537497,0.0022989573240280964,-1.2822282083257974e-4,3.7188678782565333e-4
north,4,1,8,midpoint,0.9778445975294751,0.9780809367005938,0,0,-2.3633917111876013e-4,0
north,5,1,1,midpoint,0.6303592924405494,0.6125483831215706,0.3148388761577015,0.32390121683263484,0.017810909318978885,-0.009062340674933334
north,5,1,2,midpoint,0.7396989382625279,0.7288186220331723,0.24485363553898368,0.25212491641341,0.010880316229355591,-0.007271280874426328
north,5,1,3,midpoint,0.8193264567563702,0.8144869948752607,0.07083446554399635,0.06969559557538774,0.004839461881109508,0.0011388699686086107
north,5,1,4,midpoint,0.8859634159258989,0.8865983418870783,0.03063489367682058,0.03052557694338585,-6.349259611794222e-4,1.0931673343472781e-4
north,5,1,5,midpoint,0.9433118795121788,0.9443653426483523,0.0165712754258101,0.01641198871486918,-0.0010534631361734936,1.5928671094091879e-4
north,5,1,6,midpoint,0.9647429270427471,0.965153744773814,0.008705642608141268,0.008655834102564331,-4.1081773106688146e-4,4.980850557693636e-5
north,5,1,7,midpoint,0.9723882271302025,0.9724563053960797,0.002672269128917288,0.0023009150120894737,-6.80782658772916e-5,3.713541168278143e-4
north,5,1,8,midpoint,0.9778481177617373,0.9781462064416776,0,0,-2.980886799403004e-4,0
north,6,1,1,midpoint,0.6377601702001391,0.6150490140310163,0.31127079624515136,0.32221823198664806,0.02271115616912278,-0.010947435741496703
north,6,1,2,midpoint,0.7434898513671803,0.7312886809842335,0.2408820752067362,0.24980388789894506,0.012201170382946769,-0.008921812692208847
north,6,1,3,midpoint,0.8218249725833461,0.8161281832730667,0.07025789491749528,0.06856251723136955,0.005696789310279393,0.0016953776861257236
north,6,1,4,midpoint,0.8875361847330215,0.8877888966537822,0.030322594973457854,0.03019368432825228,-2.527119207607065e-4,1.2891064520557244e-4
north,6,1,5,midpoint,0.9440072877809367,0.9447950594051829,0.01637006825427926,0.016146464637390872,-7.877716242462585e-4,2.236036168883869e-4
north,6,1,6,midpoint,0.9650198797024794,0.9654308279859807,0.008574572534435948,0.008483684829069171,-4.109482835013001e-4,9.08877053667767e-5
north,6,1,7,midpoint,0.9725155702993361,0.972852466251054,0.0026120821948958668,0.002096182214918385,-3.368959517179304e-4,5.158999799774818e-4
north,6,1,8,midpoint,0.9780915839289557,0.9784650575216207,0,0,-3.734735926650412e-4,0
south,1,1,1,midpoint,0.7505324576636386,0.7369175800398045,0.22570843922010925,0.2396807933873432,0.013614877623834176,-0.013972354167233941
south,1,1,2,midpoint,0.7995053650372006,0.7888131632044492,0.19301580509137972,0.20122406058168935,0.010692201832751436,-0.008208255490309624
south,1,1,3,midpoint,0.8357822324670322,0.8265402187031842,0.10822421012538397,0.10967468827415115,0.009242013763848034,-0.0014504781487671842
south,1,1,4,midpoint,0.8676552596789122,0.8640334776579617,0.06870505085440536,0.0687367542213678,0.003621782020950537,-3.170336696244058e-5
south,1,1,5,midpoint,0.9027002762678344,0.9014280454182574,0.04769901942686512,0.047116500937736304,0.0012722308495770607,5.825184891288179e-4
south,1,1,6,midpoint,0.924836490804817,0.9252090210577353,0.028256630583879956,0.028297146401681086,-3.7253025291827946e-4,-4.051581780113028e-5
south,1,1,7,midpoint,0.935096978817413,0.9346545204681903,0.007794749728290964,0.00631484081162355,4.4245834922274074e-4,0.0014799089166674141
south,1,1,8,midpoint,0.9431436127818312,0.9432661896798468,0,0,-1.2257689801553617e-4,0
south,2,1,1,midpoint,0.753408390677401,0.7408117059617088,0.2232556135063113,0.2368396399848395,0.012596684715692197,-0.013584026478528216
south,2,1,2,midpoint,0.8017343646736548,0.7926897148488142,0.19092298731328153,0.19766193442064897,0.009044649824840545,-0.006738947107367443
south,2,1,3,midpoint,0.8374260045796087,0.8283313986615766,0.10708179925069329,0.10842960099313767,0.009094605918032128,-0.0013478017424443794
south,2,1,4,midpoint,0.8691555048607698,0.8654324116875108,0.06801765249671297,0.06812923436695605,0.003723093173258918,-1.1158187024307153e-4
south,2,1,5,midpoint,0.9037760229572573,0.9025224106615307,0.047181713969657445,0.046597390125871274,0.001253612295726625,5.843238437861706e-4
south,2,1,6,midpoint,0.9256003634420935,0.9258743266539223,0.02791033504689641,0.0278659643884862,-2.7396321182882044e-4,4.437065841020674e-5
south,2,1,7,midpoint,0.935747880401914,0.9351321826793884,0.007709978986392199,0.006311335297710823,6.156977225256766e-4,0.0013986436886813756
south,2,1,8,midpoint,0.9437231327354642,0.9439280139545375,0,0,-2.0488121907336065e-4,0
south,3,1,1,midpoint,0.752969053317319,0.7378862036715346,0.2238543415063536,0.23701991461662109,0.015082849645784435,-0.013165573110267476
south,3,1,2,midpoint,0.8012928360192861,0.7916362856509754,0.19135302407990173,0.1970762714116266,0.009656550368310701,-0.005723247331724857
south,3,1,3,midpoint,0.8372197921011835,0.8291000500454899,0.10743163608994323,0.10855556450898421,0.008119742055693546,-0.0011239284190409787
south,3,1,4,midpoint,0.8688007229418433,0.8651507985944848,0.0681194442696308,0.06822470413024304,0.0036499243473584464,-1.052598606122307e-4
south,3,1,5,midpoint,0.9035280294432145,0.9017360313835522,0.04727919582111511,0.04665829903312145,0.0017919980596623475,6.208967879936592e-4
south,3,1,6,midpoint,0.9253659368250329,0.9256084134267142,0.028052186116251716,0.028077383905641913,-2.4247660168130736e-4,-2.519778939019668e-5
south,3,1,7,midpoint,0.9356752163108194,0.9350181030776014,0.007722414880073757,0.006344136278623824,6.571132332180429e-4,0.0013782786014499334
south,3,1,8,midpoint,0.943601746278375,0.9434974823767236,0,0,1.0426390165141353e-4,0
south,4,1,1,midpoint,0.7514070660125207,0.7382569044567424,0.22506651276397682,0.23672744025862164,0.013150161555778306,-0.011660927494644813
south,4,1,2,midpoint,0.8001252615051969,0.7915077240649042,0.1924934353087137,0.19876126990909013,0.0086175374402927,-0.006267834600376415
south,4,1,3,midpoint,0.836110917848624,0.8269697984534139,0.10801283353613907,0.10902691071646556,0.009141119395210118,-0.001014077180326492
south,4,1,4,midpoint,0.867973750353028,0.8641022052862324,0.06843909522091582,0.06865552424577666,0.0038715450667956564,-2.164290248608397e-4
south,4,1,5,midpoint,0.902872044467888,0.9016482368033645,0.04758270720998787,0.04723984081689794,0.0012238076645235685,3.428663930899259e-4
south,4,1,6,midpoint,0.9250238137955726,0.925270895117012,0.028183677660528882,0.028020549030343126,-2.4708132143935746e-4,1.6312863018575624e-4
south,4,1,7,midpoint,0.9352997207577152,0.9349179756249211,0.007784376459203535,0.006452638344742019,3.8174513279409794e-4,0.0013317381144615165
south,4,1,8,midpoint,0.9432921244012457,0.9434284270732172,0,0,-1.3630267197151102e-4,0
south,5,1,1,midpoint,0.7519089560918768,0.7401252233635842,0.2247955203589864,0.23800519192867806,0.011783732728292584,-0.013209671569691661
south,5,1,2,midpoint,0.8003402785066085,0.7899453236324934,0.19207523067118534,0.1996623920065554,0.010394954874115125,-0.007587161335370046
south,5,1,3,midpoint,0.8364744309806805,0.8280045614051886,0.1076084960474786,0.10890960472241895,0.008469869575491895,-0.0013011086749403489
south,5,1,4,midpoint,0.8682685043727766,0.8642559860642811,0.06828301037688062,0.06849676638392242,0.004012518308495472,-2.1375600704180708e-4
south,5,1,5,midpoint,0.9032724494342791,0.901670215903911,0.04746063301268902,0.04691021250548186,0.0016022335303680357,5.504205072071611e-4
south,5,1,6,midpoint,0.9252158738850922,0.9257363518211483,0.028119568492518655,0.028240538226488567,-5.204779360561407e-4,-1.2096973396991118e-4
south,5,1,7,midpoint,0.9354421521672304,0.9348924396450948,0.007725823607655441,0.006376321961221295,5.49712522135537e-4,0.0013495016464341461
south,5,1,8,midpoint,0.9434356580999872,0.943510214178457,0,0,-7.455607846984513e-5,0
south,6,1,1,midpoint,0.7594435196826993,0.7438139990160852,0.2183990989894563,0.233613410997868,0.01562952066661405,-0.015214312008411696
south,6,1,2,midpoint,0.8063056796610965,0.7953670182465207,0.1864851386431408,0.19768326702733083,0.010938661414575779,-0.011198128384190015
south,6,1,3,midpoint,0.8423029979695352,0.8315638287390743,0.10381941891925114,0.10554285290419978,0.010739169230460921,-0.001723433984948633
south,6,1,4,midpoint,0.8724103676749125,0.8676331213172868,0.06595743361820995,0.06632502537586588,0.004777246357625775,-3.6759175765592456e-4
south,6,1,5,midpoint,0.9064984571283952,0.904543563016271,0.045751063135408325,0.04529945594549384,0.001954894112124128,4.516071899144866e-4
south,6,1,6,midpoint,0.9278970571913687,0.9281824063569852,0.027099629601684667,0.02726310792266902,-2.853491656165108e-4,-1.6347832098435183e-4
south,6,1,7,midpoint,0.93755191918281,0.9372304541788642,0.007492088711450807,0.005778355422102486,3.214650039458089e-4,0.0017137332893483207
south,6,1,8,midpoint,0.9452795113008489,0.9455284905242036,0,0,-2.4897922335476164e-4,0
west,1,1,1,midpoint,0.7469504183289942,0.7255328617723744,0.22222299622596375,0.2268461800803365,0.02141755655661981,-0.004623183854372742
west,1,1,2,midpoint,0.814315071947963,0.8113417993722649,0.17754466142556244,0.18333198426375208,0.002973272575698127,-0.00578732283818964
west,1,1,3,midpoint,0.863574149867023,0.8633012294964865,0.08370037704659673,0.08452543593857309,2.729203705365002e-4,-8.250588919763574e-4
west,1,1,4,midpoint,0.897559949227539,0.8979099302824034,0.05518207780701465,0.05561585905799629,-3.4998105486439e-4,-4.337812509816394e-4
west,1,1,5,midpoint,0.922749804160613,0.9239385458738367,0.039420951459353135,0.03958682816493361,-0.0011887417132236955,-1.658767055804783e-4
west,1,1,6,midpoint,0.9392584327038963,0.9382530291774887,0.023292110915268095,0.023133816884292717,0.0010054035264076555,1.582940309753783e-4
west,1,1,7,midpoint,0.9482931444210275,0.9479000415492307,0.006032039845674656,0.0039613419060559076,3.9310287179683545e-4,0.002070697939618748
west,1,1,8,midpoint,0.9541833586897694,0.9531250470153408,0,0,0.0010583116744286025,0
west,2,1,1,midpoint,0.7474939475178217,0.7281584346024003,0.22172790720068147,0.22510372468918122,0.01933551291542146,-0.003375817488499744
west,2,1,2,midpoint,0.8146526481864954,0.8116667262871378,0.17696059333213668,0.18188607327260528,0.0029859218993576464,-0.004925479940468602
west,2,1,3,midpoint,0.8638654522632677,0.8621876782806166,0.08336837075418009,0.08414986577075588,0.0016777739826511207,-7.814950165757895e-4
west,2,1,4,midpoint,0.898107318674106,0.8977506559670262,0.05503355811965062,0.05529863406054853,3.566627070797912e-4,-2.650759408979117e-4
west,2,1,5,midpoint,0.9227096256879747,0.9240219983907587,0.0393764635831491,0.03941383210936694,-0.0013123727027840593,-3.7368526217843034e-5
west,2,1,6,midpoint,0.9393558125111157,0.9387620924222324,0.023233745394999096,0.023085944621330456,5.937200888832539e-4,1.4780077366863958e-4
west,2,1,7,midpoint,0.9484415315197201,0.9478976313806246,0.005992902143097048,0.003959532779683052,5.439001390955545e-4,0.002033369363413996
west,2,1,8,midpoint,0.954262819635735,0.9535025140715806,0,0,7.603055641544065e-4,0
west,3,1,1,midpoint,0.7422859828125423,0.724069189681636,0.2264442401493553,0.22647388970816085,0.018216793130906295,-2.964955880555009e-5
west,3,1,2,midpoint,0.8106716856013572,0.8071187392822695,0.18100413653156025,0.18629050743952183,0.0035529463190876465,-0.0052863709079615795
west,3,1,3,midpoint,0.8608908782705239,0.8587029241455147,0.08553104370359128,0.08627234075361787,0.0021879541250091616,-7.41297050026582e-4
west,3,1,4,midpoint,0.8955009597921518,0.8954535120129496,0.05617640425403097,0.0568297671554539,4.744777920218102e-5,-6.533629014229339e-4
west,3,1,5,midpoint,0.9211064597915937,0.9224543982965736,0.04022554022147658,0.04036967222694247,-0.0013479385049799397,-1.4413200546588983e-4
west,3,1,6,midpoint,0.9379698563261378,0.9369533862458603,0.02375605718289698,0.023574814013139114,0.0010164700802774984,1.8124316975786509e-4
west,3,1,7,midpoint,0.9472658449420063,0.9460811358119925,0.006128276993686075,0.004028241140364394,0.0011847091300137835,0.0021000358533216808
west,3,1,8,midpoint,0.9532601170106625,0.9522941328298166,0,0,9.659841808459246e-4,0
west,4,1,1,midpoint,0.7421355460202583,0.7212026765036972,0.2266449577892006,0.22742363031508342,0.020932869516561148,-7.786725258828175e-4
west,4,1,2,midpoint,0.8105297353692487,0.8054769752913464,0.18095122330739752,0.18626664579750443,0.00505276007790223,-0.005315422490106914
west,4,1,3,midpoint,0.8610207962972443,0.8587065564399436,0.0854671476925035,0.08643373810727711,0.002314239857300615,-9.665904147736076e-4
west,4,1,4,midpoint,0.8956737785066007,0.8956674434538866,0.056135876328126146,0.055942877727730565,6.335052714079303e-6,1.9299860039558026e-4
west,4,1,5,midpoint,0.921141249600577,0.9224171735534628,0.04015530518789573,0.04032581337957507,-0.0012759239528857824,-1.7050819167933884e-4
west,4,1,6,midpoint,0.9382116376525629,0.9376162150931769,0.02367577194204623,0.02363039767256673,5.954225593859386e-4,4.5374269479502016e-5
west,4,1,7,midpoint,0.9474144758116598,0.9467295519599148,0.0060942194520937935,0.004058685475118257,6.849238517450118e-4,0.002035533976975537
west,4,1,8,midpoint,0.9534152162465719,0.9523154638329772,0,0,0.0010997524135947234,0
west,5,1,1,midpoint,0.7369454289417058,0.7151240269287692,0.2307896464838256,0.2320745713868646,0.021821402012936586,-0.0012849249030389975
west,5,1,2,midpoint,0.806820423455398,0.8023961142945305,0.18474420254179255,0.19087153927008318,0.004424309160867446,-0.006127336728290633
west,5,1,3,midpoint,0.8577840750688303,0.8549947538197845,0.0871214956485173,0.08861898685951204,0.0027893212490457397,-0.0014974912109947391
west,5,1,4,midpoint,0.8934646109663676,0.8935189709412675,0.057474592685018235,0.05795646347566061,-5.4359974899886865e-5,-4.818707906423733e-4
west,5,1,5,midpoint,0.9195125093107631,0.9208015007551926,0.04102395578631284,0.04130863340409699,-0.0012889914444295103,-2.846776177841473e-4
west,5,1,6,midpoint,0.9366352314387101,0.9358220437819256,0.024222203820359833,0.024137359115343943,8.131876567845087e-4,8.484470501589e-5
west,5,1,7,midpoint,0.9462045009546298,0.9451354640062194,0.006216454491824248,0.004033199916868155,0.001069036948410429,0.002183254574956093
west,5,1,8,midpoint,0.9523561021412363,0.9514470973534473,0,0,9.090047877889917e-4,0
west,6,1,1,midpoint,0.7555021040558643,0.7295662014470564,0.21242059887044923,0.21836407926730897,0.025935902608807848,-0.0059434803968597405
west,6,1,2,midpoint,0.8184188685179329,0.8132457348758124,0.17178388957489205,0.18072723716166111,0.005173133642120464,-0.008943347586769068
west,6,1,3,midpoint,0.8681858037124149,0.8659648875532441,0.08142875545679329,0.08232014085198608,0.0022209161591708604,-8.913853951927897e-4
west,6,1,4,midpoint,0.8998399931545001,0.9004461619881328,0.053835088932087584,0.05392963773798048,-6.061688336326254e-4,-9.454880589289394e-5
west,6,1,5,midpoint,0.9254137235249333,0.9256511773652273,0.03775463198206314,0.03834737957429963,-2.3745384029394412e-4,-5.927475922364867e-4
west,6,1,6,midpoint,0.9410525258736685,0.9396320427151483,0.022412011893244314,0.022613143990944617,0.0014204831585201694,-2.011320977003024e-4
west,6,1,7,midpoint,0.9496397390290665,0.9494351286912531,0.005721814247715937,0.0034572046580719946,2.0461033781338234e-4,0.002264609589643942
west,6,1,8,midpoint,0.9556873873353374,0.9545533870197619,0,0,0.001134000315575534,0
