wwtp,part.class,bin,count,level,bin_left,bin_right,bin_mid
north,1,0,3758531,Pipe,0,0.05,0.025
north,2,0,3259269,Pipe,0,0.05,0.025
north,3,0,2765687,Pipe,0,0.05,0.025
north,4,5,39037,Pipe,0.25,0.30000000000000004,0.275
north,5,10,36920,Pipe,0.5,0.55,0.525
north,6,17,54358,Pipe,0.8500000000000001,0.9,0.875
north,7,19,3137219,Pipe,0.9500000000000001,1,0.9750000000000001
north,8,19,3372728,Pipe,0.9500000000000001,1,0.9750000000000001
north,4,0,2149143,Pipe,0,0.05,0.025
north,5,0,1378428,Pipe,0,0.05,0.025
north,6,19,2702023,Pipe,0.9500000000000001,1,0.9750000000000001
north,4,12,33183,Pipe,0.6000000000000001,0.65,0.625
north,5,19,2010327,Pipe,0.9500000000000001,1,0.9750000000000001
north,4,3,46690,Pipe,0.15000000000000002,0.2,0.17500000000000002
north,5,6,32643,Pipe,0.30000000000000004,0.35000000000000003,0.325
north,6,13,27953,Pipe,0.65,0.7000000000000001,0.675
north,4,1,54259,Pipe,0.05,0.1,0.07500000000000001
north,5,17,68668,Pipe,0.8500000000000001,0.9,0.875
north,4,2,49656,Pipe,0.1,0.15000000000000002,0.125
north,5,18,99798,Pipe,0.9,0.9500000000000001,0.925
north,5,4,33314,Pipe,0.2,0.25,0.225
north,6,9,22476,Pipe,0.45,0.5,0.47500000000000003
north,7,18,46764,Pipe,0.9,0.9500000000000001,0.925
north,3,1,64316,Pipe,0.05,0.1,0.07500000000000001
north,4,7,33344,Pipe,0.35000000000000003,0.4,0.375
north,5,12,40225,Pipe,0.6000000000000001,0.65,0.625
north,6,18,79570,Pipe,0.9,0.9500000000000001,0.925
north,4,8,31392,Pipe,0.4,0.45,0.42500000000000004
north,2,4,38250,Pipe,0.2,0.25,0.225
north,3,8,31154,Pipe,0.4,0.45,0.42500000000000004
north,4,17,61759,Pipe,0.8500000000000001,0.9,0.875
north,5,7,32942,Pipe,0.35000000000000003,0.4,0.375
north,4,6,35999,Pipe,0.30000000000000004,0.35000000000000003,0.325
south,1,0,964854,Pipe,0,0.05,0.025
south,2,0,902738,Pipe,0,0.05,0.025
south,3,0,846761,Pipe,0,0.05,0.025
south,4,0,773399,Pipe,0,0.05,0.025
south,5,0,658863,Pipe,0,0.05,0.025
south,6,0,573826,Pipe,0,0.05,0.025
south,7,0,522305,Pipe,0,0.05,0.025
south,8,0,481447,Pipe,0,0.05,0.025
south,2,2,6396,Pipe,0.1,0.15000000000000002,0.125
south,3,11,3551,Pipe,0.55,0.6000000000000001,0.5750000000000001
south,4,19,167232,Pipe,0.9500000000000001,1,0.9750000000000001
south,5,19,264269,Pipe,0.9500000000000001,1,0.9750000000000001
south,6,19,382367,Pipe,0.9500000000000001,1,0.9750000000000001
south,7,19,464909,Pipe,0.9500000000000001,1,0.9750000000000001
south,8,19,520800,Pipe,0.9500000000000001,1,0.9750000000000001
south,2,1,7947,Pipe,0.05,0.1,0.07500000000000001
south,3,5,4153,Pipe,0.25,0.30000000000000004,0.275
south,4,15,5548,Pipe,0.75,0.8,0.775
north,6,14,30423,Pipe,0.7000000000000001,0.75,0.7250000000000001
north,4,19,1265423,Pipe,0.9500000000000001,1,0.9750000000000001
north,2,7,28280,Pipe,0.35000000000000003,0.4,0.375
north,3,13,33280,Pipe,0.65,0.7000000000000001,0.675
north,3,2,46966,Pipe,0.1,0.15000000000000002,0.125
north,5,13,42278,Pipe,0.65,0.7000000000000001,0.675
north,6,0,948206,Pipe,0,0.05,0.025
north,7,0,777344,Pipe,0,0.05,0.025
north,4,9,30498,Pipe,0.45,0.5,0.47500000000000003
north,5,15,48704,Pipe,0.75,0.8,0.775
north,8,0,650984,Pipe,0,0.05,0.025
north,2,3,42754,Pipe,0.15000000000000002,0.2,0.17500000000000002
north,3,9,31375,Pipe,0.45,0.5,0.47500000000000003
north,4,18,86941,Pipe,0.9,0.9500000000000001,0.925
north,6,16,42239,Pipe,0.8,0.8500000000000001,0.8250000000000001
north,1,1,72856,Pipe,0.05,0.1,0.07500000000000001
north,2,13,29589,Pipe,0.65,0.7000000000000001,0.675
north,3,18,77342,Pipe,0.9,0.9500000000000001,0.925
north,3,6,32198,Pipe,0.30000000000000004,0.35000000000000003,0.325
north,4,15,43421,Pipe,0.75,0.8,0.775
north,6,10,22771,Pipe,0.5,0.55,0.525
north,5,14,44134,Pipe,0.7000000000000001,0.75,0.7250000000000001
north,6,12,26049,Pipe,0.6000000000000001,0.65,0.625
north,5,9,35220,Pipe,0.45,0.5,0.47500000000000003
north,4,4,42652,Pipe,0.2,0.25,0.225
north,5,8,33162,Pipe,0.4,0.45,0.42500000000000004
north,6,15,35291,Pipe,0.75,0.8,0.775
north,8,5,4030,Pipe,0.25,0.30000000000000004,0.275
north,5,11,39096,Pipe,0.55,0.6000000000000001,0.5750000000000001
north,5,2,42966,Pipe,0.1,0.15000000000000002,0.125
north,6,7,21342,Pipe,0.35000000000000003,0.4,0.375
north,7,17,29934,Pipe,0.8500000000000001,0.9,0.875
north,6,8,22537,Pipe,0.4,0.45,0.42500000000000004
north,5,3,36664,Pipe,0.15000000000000002,0.2,0.17500000000000002
north,2,1,66872,Pipe,0.05,0.1,0.07500000000000001
north,5,1,46719,Pipe,0.05,0.1,0.07500000000000001
north,6,5,20987,Pipe,0.25,0.30000000000000004,0.275
north,7,15,20706,Pipe,0.75,0.8,0.775
north,3,3,38283,Pipe,0.15000000000000002,0.2,0.17500000000000002
north,5,5,32870,Pipe,0.25,0.30000000000000004,0.275
north,6,11,24281,Pipe,0.55,0.6000000000000001,0.5750000000000001
north,2,5,32707,Pipe,0.25,0.30000000000000004,0.275
north,3,10,30739,Pipe,0.5,0.55,0.525
north,3,12,32442,Pipe,0.6000000000000001,0.65,0.625
north,4,10,30413,Pipe,0.5,0.55,0.525
north,2,10,25954,Pipe,0.5,0.55,0.525
north,3,19,709217,Pipe,0.9500000000000001,1,0.9750000000000001
north,7,10,12814,Pipe,0.5,0.55,0.525
north,4,11,32112,Pipe,0.55,0.6000000000000001,0.5750000000000001
north,1,18,7441,Pipe,0.9,0.9500000000000001,0.925
north,2,19,265046,Pipe,0.9500000000000001,1,0.9750000000000001
north,2,15,34281,Pipe,0.75,0.8,0.775
north,4,13,35917,Pipe,0.65,0.7000000000000001,0.675
south,6,3,2800,Pipe,0.15000000000000002,0.2,0.17500000000000002
south,8,6,1350,Pipe,0.30000000000000004,0.35000000000000003,0.325
south,8,18,4828,Pipe,0.9,0.9500000000000001,0.925
south,3,6,4254,Pipe,0.30000000000000004,0.35000000000000003,0.325
south,8,4,955,Pipe,0.2,0.25,0.225
south,4,1,6134,Pipe,0.05,0.1,0.07500000000000001
south,5,3,5276,Pipe,0.15000000000000002,0.2,0.17500000000000002
south,6,9,3396,Pipe,0.45,0.5,0.47500000000000003
south,7,18,8648,Pipe,0.9,0.9500000000000001,0.925
south,7,11,1884,Pipe,0.55,0.6000000000000001,0.5750000000000001
south,6,18,11435,Pipe,0.9,0.9500000000000001,0.925
south,1,6,3040,Pipe,0.30000000000000004,0.35000000000000003,0.325
south,2,19,45036,Pipe,0.9500000000000001,1,0.9750000000000001
south,3,19,101408,Pipe,0.9500000000000001,1,0.9750000000000001
north,1,5,31592,Pipe,0.25,0.30000000000000004,0.275
south,3,1,5755,Pipe,0.05,0.1,0.07500000000000001
south,4,5,3672,Pipe,0.25,0.30000000000000004,0.275
south,5,10,4120,Pipe,0.5,0.55,0.525
south,6,17,7598,Pipe,0.8500000000000001,0.9,0.875
north,3,7,32127,Pipe,0.35000000000000003,0.4,0.375
north,3,4,33710,Pipe,0.2,0.25,0.225
north,2,11,27005,Pipe,0.55,0.6000000000000001,0.5750000000000001
north,2,18,62660,Pipe,0.9,0.9500000000000001,0.925
north,3,11,31686,Pipe,0.55,0.6000000000000001,0.5750000000000001
north,2,14,31029,Pipe,0.7000000000000001,0.75,0.7250000000000001
south,2,6,4090,Pipe,0.30000000000000004,0.35000000000000003,0.325
south,3,15,4308,Pipe,0.75,0.8,0.775
south,7,7,1374,Pipe,0.35000000000000003,0.4,0.375
south,4,12,3928,Pipe,0.6000000000000001,0.65,0.625
south,5,18,15493,Pipe,0.9,0.9500000000000001,0.925
north,1,6,26385,Pipe,0.30000000000000004,0.35000000000000003,0.325
north,4,16,50376,Pipe,0.8,0.8500000000000001,0.8250000000000001
north,3,15,37317,Pipe,0.75,0.8,0.775
west,1,0,546321,Pipe,0,0.05,0.025
west,2,0,497694,Pipe,0,0.05,0.025
west,3,0,451901,Pipe,0,0.05,0.025
west,4,0,405699,Pipe,0,0.05,0.025
west,5,0,355002,Pipe,0,0.05,0.025
west,6,0,315662,Pipe,0,0.05,0.025
west,7,0,288047,Pipe,0,0.05,0.025
west,8,19,340485,Pipe,0.9500000000000001,1,0.9750000000000001
west,7,4,664,Pipe,0.2,0.25,0.225
west,8,13,904,Pipe,0.65,0.7000000000000001,0.675
west,3,1,5430,Pipe,0.05,0.1,0.07500000000000001
west,4,6,2412,Pipe,0.30000000000000004,0.35000000000000003,0.325
west,5,10,2390,Pipe,0.5,0.55,0.525
west,6,17,3873,Pipe,0.8500000000000001,0.9,0.875
west,7,19,312832,Pipe,0.9500000000000001,1,0.9750000000000001
west,4,5,2487,Pipe,0.25,0.30000000000000004,0.275
west,5,9,2263,Pipe,0.45,0.5,0.47500000000000003
west,6,15,2344,Pipe,0.75,0.8,0.775
north,7,1,5835,Pipe,0.05,0.1,0.07500000000000001
north,8,9,6310,Pipe,0.45,0.5,0.47500000000000003
north,6,1,23977,Pipe,0.05,0.1,0.07500000000000001
north,7,8,11153,Pipe,0.4,0.45,0.42500000000000004
north,8,16,14857,Pipe,0.8,0.8500000000000001,0.8250000000000001
west,8,0,265626,Pipe,0,0.05,0.025
north,7,14,17985,Pipe,0.7000000000000001,0.75,0.7250000000000001
north,3,16,42261,Pipe,0.8,0.8500000000000001,0.8250000000000001
north,1,2,46322,Pipe,0.1,0.15000000000000002,0.125
north,2,17,46099,Pipe,0.8500000000000001,0.9,0.875
north,1,3,39541,Pipe,0.15000000000000002,0.2,0.17500000000000002
north,2,16,37988,Pipe,0.8,0.8500000000000001,0.8250000000000001
north,2,12,28144,Pipe,0.6000000000000001,0.65,0.625
west,4,1,2360,Pipe,0.05,0.1,0.07500000000000001
west,5,3,2422,Pipe,0.15000000000000002,0.2,0.17500000000000002
west,6,8,971,Pipe,0.4,0.45,0.42500000000000004
west,7,17,1848,Pipe,0.8500000000000001,0.9,0.875
north,7,5,9560,Pipe,0.25,0.30000000000000004,0.275
north,8,11,7473,Pipe,0.55,0.6000000000000001,0.5750000000000001
west,4,19,157631,Pipe,0.9500000000000001,1,0.9750000000000001
west,5,19,216283,Pipe,0.9500000000000001,1,0.9750000000000001
west,6,19,271092,Pipe,0.9500000000000001,1,0.9750000000000001
north,6,6,20780,Pipe,0.30000000000000004,0.35000000000000003,0.325
north,6,3,22189,Pipe,0.15000000000000002,0.2,0.17500000000000002
north,7,13,15257,Pipe,0.65,0.7000000000000001,0.675
north,2,2,52090,Pipe,0.1,0.15000000000000002,0.125
north,3,5,33171,Pipe,0.25,0.30000000000000004,0.275
north,8,3,2889,Pipe,0.15000000000000002,0.2,0.17500000000000002
north,8,17,20784,Pipe,0.8500000000000001,0.9,0.875
north,1,10,16669,Pipe,0.5,0.55,0.525
north,7,16,23748,Pipe,0.8,0.8500000000000001,0.8250000000000001
north,8,18,34670,Pipe,0.9,0.9500000000000001,0.925
north,4,14,38285,Pipe,0.7000000000000001,0.75,0.7250000000000001
north,7,2,6818,Pipe,0.1,0.15000000000000002,0.125
north,8,7,5118,Pipe,0.35000000000000003,0.4,0.375
north,8,1,4621,Pipe,0.05,0.1,0.07500000000000001
north,8,14,11147,Pipe,0.7000000000000001,0.75,0.7250000000000001
north,8,4,3739,Pipe,0.2,0.25,0.225
north,5,16,55422,Pipe,0.8,0.8500000000000001,0.8250000000000001
north,7,9,12001,Pipe,0.45,0.5,0.47500000000000003
north,2,9,25850,Pipe,0.45,0.5,0.47500000000000003
north,6,2,22473,Pipe,0.1,0.15000000000000002,0.125
south,1,2,6015,Pipe,0.1,0.15000000000000002,0.125
south,2,17,5938,Pipe,0.8500000000000001,0.9,0.875
south,6,10,3538,Pipe,0.5,0.55,0.525
south,4,3,4065,Pipe,0.15000000000000002,0.2,0.17500000000000002
south,5,12,5078,Pipe,0.6000000000000001,0.65,0.625
north,7,4,8731,Pipe,0.2,0.25,0.225
south,7,10,1668,Pipe,0.5,0.55,0.525
south,8,16,2790,Pipe,0.8,0.8500000000000001,0.8250000000000001
south,3,10,3718,Pipe,0.5,0.55,0.525
south,3,7,4305,Pipe,0.35000000000000003,0.4,0.375
south,4,18,12230,Pipe,0.9,0.9500000000000001,0.925
south,3,2,4747,Pipe,0.1,0.15000000000000002,0.125
south,4,9,3661,Pipe,0.45,0.5,0.47500000000000003
south,5,15,7190,Pipe,0.75,0.8,0.775
south,1,3,4867,Pipe,0.15000000000000002,0.2,0.17500000000000002
south,2,18,7728,Pipe,0.9,0.9500000000000001,0.925
south,6,2,2583,Pipe,0.1,0.15000000000000002,0.125
south,7,12,2064,Pipe,0.6000000000000001,0.65,0.625
south,2,3,5045,Pipe,0.15000000000000002,0.2,0.17500000000000002
west,3,10,2608,Pipe,0.5,0.55,0.525
west,7,3,640,Pipe,0.15000000000000002,0.2,0.17500000000000002
north,8,12,8492,Pipe,0.6000000000000001,0.65,0.625
north,8,15,12333,Pipe,0.75,0.8,0.775
north,1,16,9075,Pipe,0.8,0.8500000000000001,0.8250000000000001
west,4,16,4049,Pipe,0.8,0.8500000000000001,0.8250000000000001
west,4,15,3597,Pipe,0.75,0.8,0.775
west,1,8,3146,Pipe,0.4,0.45,0.42500000000000004
west,2,19,52533,Pipe,0.9500000000000001,1,0.9750000000000001
west,3,19,104334,Pipe,0.9500000000000001,1,0.9750000000000001
west,5,5,1885,Pipe,0.25,0.30000000000000004,0.275
west,6,14,1800,Pipe,0.7000000000000001,0.75,0.7250000000000001
west,4,3,2428,Pipe,0.15000000000000002,0.2,0.17500000000000002
west,1,16,2148,Pipe,0.8,0.8500000000000001,0.8250000000000001
west,1,1,7505,Pipe,0.05,0.1,0.07500000000000001
west,2,13,3329,Pipe,0.65,0.7000000000000001,0.675
west,3,18,7436,Pipe,0.9,0.9500000000000001,0.925
south,8,8,970,Pipe,0.4,0.45,0.42500000000000004
south,6,11,3703,Pipe,0.55,0.6000000000000001,0.5750000000000001
south,6,4,2813,Pipe,0.2,0.25,0.225
south,7,17,5170,Pipe,0.8500000000000001,0.9,0.875
south,3,16,4865,Pipe,0.8,0.8500000000000001,0.8250000000000001
south,6,13,3987,Pipe,0.65,0.7000000000000001,0.675
south,3,9,4034,Pipe,0.45,0.5,0.47500000000000003
south,2,7,3620,Pipe,0.35000000000000003,0.4,0.375
north,2,6,29873,Pipe,0.30000000000000004,0.35000000000000003,0.325
north,3,14,34952,Pipe,0.7000000000000001,0.75,0.7250000000000001
south,5,1,4962,Pipe,0.05,0.1,0.07500000000000001
south,6,8,2998,Pipe,0.4,0.45,0.42500000000000004
west,1,7,3232,Pipe,0.35000000000000003,0.4,0.375
west,1,5,3854,Pipe,0.25,0.30000000000000004,0.275
south,6,14,4169,Pipe,0.7000000000000001,0.75,0.7250000000000001
south,7,14,2268,Pipe,0.7000000000000001,0.75,0.7250000000000001
south,4,14,4593,Pipe,0.7000000000000001,0.75,0.7250000000000001
west,2,1,5571,Pipe,0.05,0.1,0.07500000000000001
west,3,3,2713,Pipe,0.15000000000000002,0.2,0.17500000000000002
west,4,10,2376,Pipe,0.5,0.55,0.525
west,5,15,2926,Pipe,0.75,0.8,0.775
north,2,8,26760,Pipe,0.4,0.45,0.42500000000000004
north,3,17,52277,Pipe,0.8500000000000001,0.9,0.875
north,7,12,13730,Pipe,0.6000000000000001,0.65,0.625
north,1,13,13443,Pipe,0.65,0.7000000000000001,0.675
south,1,8,3126,Pipe,0.4,0.45,0.42500000000000004
north,1,4,35475,Pipe,0.2,0.25,0.225
west,5,6,2037,Pipe,0.30000000000000004,0.35000000000000003,0.325
west,6,12,1519,Pipe,0.6000000000000001,0.65,0.625
north,8,2,3507,Pipe,0.1,0.15000000000000002,0.125
south,4,8,3677,Pipe,0.4,0.45,0.42500000000000004
south,5,14,6018,Pipe,0.7000000000000001,0.75,0.7250000000000001
west,2,7,2693,Pipe,0.35000000000000003,0.4,0.375
west,3,13,3295,Pipe,0.65,0.7000000000000001,0.675
west,2,10,2566,Pipe,0.5,0.55,0.525
west,3,15,3667,Pipe,0.75,0.8,0.775
west,4,8,2321,Pipe,0.4,0.45,0.42500000000000004
west,4,7,2390,Pipe,0.35000000000000003,0.4,0.375
west,5,14,2677,Pipe,0.7000000000000001,0.75,0.7250000000000001
west,4,4,2410,Pipe,0.2,0.25,0.225
west,2,3,3716,Pipe,0.15000000000000002,0.2,0.17500000000000002
west,2,2,4423,Pipe,0.1,0.15000000000000002,0.125
west,3,5,2378,Pipe,0.25,0.30000000000000004,0.275
west,4,14,3174,Pipe,0.7000000000000001,0.75,0.7250000000000001
west,5,18,6046,Pipe,0.9,0.9500000000000001,0.925
west,2,17,5723,Pipe,0.8500000000000001,0.9,0.875
west,3,2,4915,Pipe,0.1,0.15000000000000002,0.125
west,4,9,2161,Pipe,0.45,0.5,0.47500000000000003
west,3,7,2147,Pipe,0.35000000000000003,0.4,0.375
west,4,17,5195,Pipe,0.8500000000000001,0.9,0.875
west,2,8,2797,Pipe,0.4,0.45,0.42500000000000004
west,3,14,3648,Pipe,0.7000000000000001,0.75,0.7250000000000001
west,1,3,5127,Pipe,0.15000000000000002,0.2,0.17500000000000002
west,2,18,7222,Pipe,0.9,0.9500000000000001,0.925
west,2,4,3189,Pipe,0.2,0.25,0.225
west,5,1,1294,Pipe,0.05,0.1,0.07500000000000001
west,6,9,1096,Pipe,0.45,0.5,0.47500000000000003
west,7,18,2845,Pipe,0.9,0.9500000000000001,0.925
west,3,6,2304,Pipe,0.30000000000000004,0.35000000000000003,0.325
west,2,5,2983,Pipe,0.25,0.30000000000000004,0.275
west,3,9,2330,Pipe,0.45,0.5,0.47500000000000003
west,5,13,2532,Pipe,0.65,0.7000000000000001,0.675
west,6,18,5810,Pipe,0.9,0.9500000000000001,0.925
west,2,6,2757,Pipe,0.30000000000000004,0.35000000000000003,0.325
west,3,11,2676,Pipe,0.55,0.6000000000000001,0.5750000000000001
west,4,18,7490,Pipe,0.9,0.9500000000000001,0.925
north,7,11,12925,Pipe,0.55,0.6000000000000001,0.5750000000000001
west,5,12,2546,Pipe,0.6000000000000001,0.65,0.625
west,1,4,4308,Pipe,0.2,0.25,0.225
west,4,2,2180,Pipe,0.1,0.15000000000000002,0.125
west,5,7,2053,Pipe,0.35000000000000003,0.4,0.375
west,6,13,1681,Pipe,0.65,0.7000000000000001,0.675
north,1,8,20558,Pipe,0.4,0.45,0.42500000000000004
south,7,5,1239,Pipe,0.25,0.30000000000000004,0.275
south,8,13,1489,Pipe,0.65,0.7000000000000001,0.675
south,3,3,4884,Pipe,0.15000000000000002,0.2,0.17500000000000002
south,4,10,3779,Pipe,0.5,0.55,0.525
south,1,10,3232,Pipe,0.5,0.55,0.525
south,2,11,3247,Pipe,0.55,0.6000000000000001,0.5750000000000001
south,3,17,6216,Pipe,0.8500000000000001,0.9,0.875
south,5,17,10861,Pipe,0.8500000000000001,0.9,0.875
south,4,11,3720,Pipe,0.55,0.6000000000000001,0.5750000000000001
south,2,8,3430,Pipe,0.4,0.45,0.42500000000000004
south,3,18,7773,Pipe,0.9,0.9500000000000001,0.925
south,3,4,4551,Pipe,0.2,0.25,0.225
south,4,13,4143,Pipe,0.65,0.7000000000000001,0.675
south,5,7,3897,Pipe,0.35000000000000003,0.4,0.375
south,2,5,4116,Pipe,0.25,0.30000000000000004,0.275
south,1,9,3020,Pipe,0.45,0.5,0.47500000000000003
south,6,1,2289,Pipe,0.05,0.1,0.07500000000000001
west,1,2,6810,Pipe,0.1,0.15000000000000002,0.125
west,2,16,4872,Pipe,0.8,0.8500000000000001,0.8250000000000001
west,2,14,3603,Pipe,0.7000000000000001,0.75,0.7250000000000001
north,7,6,10025,Pipe,0.30000000000000004,0.35000000000000003,0.325
north,8,13,9767,Pipe,0.65,0.7000000000000001,0.675
south,5,2,5456,Pipe,0.1,0.15000000000000002,0.125
south,6,6,2832,Pipe,0.30000000000000004,0.35000000000000003,0.325
south,7,16,3639,Pipe,0.8,0.8500000000000001,0.8250000000000001
south,6,7,2875,Pipe,0.35000000000000003,0.4,0.375
south,7,9,1504,Pipe,0.45,0.5,0.47500000000000003
south,4,2,4653,Pipe,0.1,0.15000000000000002,0.125
south,5,4,4546,Pipe,0.2,0.25,0.225
south,1,1,9174,Pipe,0.05,0.1,0.07500000000000001
south,2,13,3633,Pipe,0.65,0.7000000000000001,0.675
south,1,12,2664,Pipe,0.6000000000000001,0.65,0.625
south,2,9,3265,Pipe,0.45,0.5,0.47500000000000003
south,5,11,4770,Pipe,0.55,0.6000000000000001,0.5750000000000001
south,1,4,4470,Pipe,0.2,0.25,0.225
south,4,4,3787,Pipe,0.2,0.25,0.225
west,6,1,917,Pipe,0.05,0.1,0.07500000000000001
west,7,14,1093,Pipe,0.7000000000000001,0.75,0.7250000000000001
west,6,3,1025,Pipe,0.15000000000000002,0.2,0.17500000000000002
west,7,6,680,Pipe,0.30000000000000004,0.35000000000000003,0.325
south,5,16,8384,Pipe,0.8,0.8500000000000001,0.8250000000000001
south,7,15,2855,Pipe,0.75,0.8,0.775
south,6,16,5514,Pipe,0.8,0.8500000000000001,0.8250000000000001
south,4,17,8363,Pipe,0.8500000000000001,0.9,0.875
south,5,8,4182,Pipe,0.4,0.45,0.42500000000000004
south,6,12,3901,Pipe,0.6000000000000001,0.65,0.625
south,3,14,4037,Pipe,0.7000000000000001,0.75,0.7250000000000001
south,8,2,757,Pipe,0.1,0.15000000000000002,0.125
south,5,9,3964,Pipe,0.45,0.5,0.47500000000000003
south,7,2,1649,Pipe,0.1,0.15000000000000002,0.125
south,8,9,871,Pipe,0.45,0.5,0.47500000000000003
west,5,2,2172,Pipe,0.1,0.15000000000000002,0.125
west,6,7,855,Pipe,0.35000000000000003,0.4,0.375
south,5,5,4001,Pipe,0.25,0.30000000000000004,0.275
south,5,6,3701,Pipe,0.30000000000000004,0.35000000000000003,0.325
west,8,7,235,Pipe,0.35000000000000003,0.4,0.375
west,8,16,1137,Pipe,0.8,0.8500000000000001,0.8250000000000001
west,3,4,2443,Pipe,0.2,0.25,0.225
west,8,17,1228,Pipe,0.8500000000000001,0.9,0.875
north,1,11,15279,Pipe,0.55,0.6000000000000001,0.5750000000000001
north,7,3,7667,Pipe,0.15000000000000002,0.2,0.17500000000000002
north,7,7,10284,Pipe,0.35000000000000003,0.4,0.375
north,8,8,5644,Pipe,0.4,0.45,0.42500000000000004
north,1,9,17745,Pipe,0.45,0.5,0.47500000000000003
north,6,4,20575,Pipe,0.2,0.25,0.225
north,1,7,24081,Pipe,0.35000000000000003,0.4,0.375
west,1,19,6718,Pipe,0.9500000000000001,1,0.9750000000000001
west,8,15,1060,Pipe,0.75,0.8,0.775
west,7,9,749,Pipe,0.45,0.5,0.47500000000000003
west,8,18,2024,Pipe,0.9,0.9500000000000001,0.925
west,6,6,832,Pipe,0.30000000000000004,0.35000000000000003,0.325
west,6,16,2832,Pipe,0.8,0.8500000000000001,0.8250000000000001
west,2,9,2421,Pipe,0.45,0.5,0.47500000000000003
west,3,17,4787,Pipe,0.8500000000000001,0.9,0.875
west,3,16,3976,Pipe,0.8,0.8500000000000001,0.8250000000000001
west,7,11,854,Pipe,0.55,0.6000000000000001,0.5750000000000001
west,5,16,3485,Pipe,0.8,0.8500000000000001,0.8250000000000001
west,7,16,1196,Pipe,0.8,0.8500000000000001,0.8250000000000001
west,6,5,937,Pipe,0.25,0.30000000000000004,0.275
west,8,14,1007,Pipe,0.7000000000000001,0.75,0.7250000000000001
west,3,12,2954,Pipe,0.6000000000000001,0.65,0.625
west,2,12,3037,Pipe,0.6000000000000001,0.65,0.625
west,4,12,2539,Pipe,0.6000000000000001,0.65,0.625
west,1,18,3568,Pipe,0.9,0.9500000000000001,0.925
west,1,15,1978,Pipe,0.75,0.8,0.775
west,1,9,3146,Pipe,0.45,0.5,0.47500000000000003
west,1,13,2788,Pipe,0.65,0.7000000000000001,0.675
west,1,17,2710,Pipe,0.8500000000000001,0.9,0.875
west,6,10,1188,Pipe,0.5,0.55,0.525
west,1,6,3495,Pipe,0.30000000000000004,0.35000000000000003,0.325
west,5,17,3762,Pipe,0.8500000000000001,0.9,0.875
west,1,14,2513,Pipe,0.7000000000000001,0.75,0.7250000000000001
west,1,11,2809,Pipe,0.55,0.6000000000000001,0.5750000000000001
west,5,11,2382,Pipe,0.55,0.6000000000000001,0.5750000000000001
west,1,12,2730,Pipe,0.6000000000000001,0.65,0.625
west,3,8,2058,Pipe,0.4,0.45,0.42500000000000004
west,7,10,816,Pipe,0.5,0.55,0.525
west,1,10,3094,Pipe,0.5,0.55,0.525
west,2,15,4058,Pipe,0.75,0.8,0.775
west,2,11,2813,Pipe,0.55,0.6000000000000001,0.5750000000000001
west,5,8,1939,Pipe,0.4,0.45,0.42500000000000004
west,8,11,731,Pipe,0.55,0.6000000000000001,0.5750000000000001
north,1,12,13576,Pipe,0.6000000000000001,0.65,0.625
north,1,19,12549,Pipe,0.9500000000000001,1,0.9750000000000001
north,1,15,10130,Pipe,0.75,0.8,0.775
north,1,17,7412,Pipe,0.8500000000000001,0.9,0.875
north,1,14,11840,Pipe,0.7000000000000001,0.75,0.7250000000000001
north,8,10,6819,Pipe,0.5,0.55,0.525
north,8,6,4588,Pipe,0.30000000000000004,0.35000000000000003,0.325
south,7,6,1208,Pipe,0.30000000000000004,0.35000000000000003,0.325
south,2,12,3297,Pipe,0.6000000000000001,0.65,0.625
south,4,16,6572,Pipe,0.8,0.8500000000000001,0.8250000000000001
south,2,15,4306,Pipe,0.75,0.8,0.775
south,1,13,2343,Pipe,0.65,0.7000000000000001,0.675
south,1,14,1925,Pipe,0.7000000000000001,0.75,0.7250000000000001
south,4,7,3625,Pipe,0.35000000000000003,0.4,0.375
south,5,13,5469,Pipe,0.65,0.7000000000000001,0.675
south,8,10,819,Pipe,0.5,0.55,0.525
south,8,17,3193,Pipe,0.8500000000000001,0.9,0.875
south,2,14,3950,Pipe,0.7000000000000001,0.75,0.7250000000000001
south,2,4,4513,Pipe,0.2,0.25,0.225
south,3,8,4077,Pipe,0.4,0.45,0.42500000000000004
south,8,14,1875,Pipe,0.7000000000000001,0.75,0.7250000000000001
south,3,13,3643,Pipe,0.65,0.7000000000000001,0.675
south,1,7,3156,Pipe,0.35000000000000003,0.4,0.375
south,2,10,3379,Pipe,0.5,0.55,0.525
south,2,16,4826,Pipe,0.8,0.8500000000000001,0.8250000000000001
south,4,6,3719,Pipe,0.30000000000000004,0.35000000000000003,0.325
south,8,5,1284,Pipe,0.25,0.30000000000000004,0.275
south,6,5,3066,Pipe,0.25,0.30000000000000004,0.275
south,7,4,1431,Pipe,0.2,0.25,0.225
south,6,15,4810,Pipe,0.75,0.8,0.775
south,1,5,3724,Pipe,0.25,0.30000000000000004,0.275
south,1,19,5751,Pipe,0.9500000000000001,1,0.9750000000000001
south,1,16,1364,Pipe,0.8,0.8500000000000001,0.8250000000000001
south,1,17,1302,Pipe,0.8500000000000001,0.9,0.875
south,1,11,3060,Pipe,0.55,0.6000000000000001,0.5750000000000001
south,3,12,3460,Pipe,0.6000000000000001,0.65,0.625
south,7,3,1394,Pipe,0.15000000000000002,0.2,0.17500000000000002
south,7,1,1769,Pipe,0.05,0.1,0.07500000000000001
west,7,12,794,Pipe,0.6000000000000001,0.65,0.625
west,4,13,2770,Pipe,0.65,0.7000000000000001,0.675
west,4,11,2331,Pipe,0.55,0.6000000000000001,0.5750000000000001
west,6,11,1377,Pipe,0.55,0.6000000000000001,0.5750000000000001
west,5,4,1904,Pipe,0.2,0.25,0.225
west,8,2,213,Pipe,0.1,0.15000000000000002,0.125
west,6,4,1023,Pipe,0.2,0.25,0.225
south,1,18,2127,Pipe,0.9,0.9500000000000001,0.925
south,7,13,2052,Pipe,0.65,0.7000000000000001,0.675
south,8,7,1126,Pipe,0.35000000000000003,0.4,0.375
west,7,15,1158,Pipe,0.75,0.8,0.775
south,8,11,965,Pipe,0.55,0.6000000000000001,0.5750000000000001
west,7,5,620,Pipe,0.25,0.30000000000000004,0.275
west,7,13,958,Pipe,0.65,0.7000000000000001,0.675
west,8,9,501,Pipe,0.45,0.5,0.47500000000000003
west,6,2,1166,Pipe,0.1,0.15000000000000002,0.125
south,8,3,781,Pipe,0.15000000000000002,0.2,0.17500000000000002
south,7,8,1470,Pipe,0.4,0.45,0.42500000000000004
south,8,15,2330,Pipe,0.75,0.8,0.775
west,7,1,316,Pipe,0.05,0.1,0.07500000000000001
south,1,15,1286,Pipe,0.75,0.8,0.775
south,8,1,630,Pipe,0.05,0.1,0.07500000000000001
west,8,3,203,Pipe,0.15000000000000002,0.2,0.17500000000000002
west,8,12,830,Pipe,0.6000000000000001,0.65,0.625
west,7,7,683,Pipe,0.35000000000000003,0.4,0.375
west,7,8,680,Pipe,0.4,0.45,0.42500000000000004
west,8,10,598,Pipe,0.5,0.55,0.525
south,8,12,1240,Pipe,0.6000000000000001,0.65,0.625
west,8,1,286,Pipe,0.05,0.1,0.07500000000000001
west,8,8,256,Pipe,0.4,0.45,0.42500000000000004
west,8,6,242,Pipe,0.30000000000000004,0.35000000000000003,0.325
west,7,2,527,Pipe,0.1,0.15000000000000002,0.125
west,8,5,222,Pipe,0.25,0.30000000000000004,0.275
west,8,4,212,Pipe,0.2,0.25,0.225
north,1,1,199764,Flow path,0.05,0.1,0.07500000000000001
north,2,14,61292,Flow path,0.7000000000000001,0.75,0.7250000000000001
north,3,19,1511860,Flow path,0.9500000000000001,1,0.9750000000000001
north,4,19,2565578,Flow path,0.9500000000000001,1,0.9750000000000001
north,5,19,3386990,Flow path,0.9500000000000001,1,0.9750000000000001
north,6,19,3837664,Flow path,0.9500000000000001,1,0.9750000000000001
north,7,19,4184351,Flow path,0.9500000000000001,1,0.9750000000000001
north,8,19,4186000,Flow path,0.9500000000000001,1,0.9750000000000001
north,1,0,3117892,Flow path,0,0.05,0.025
north,2,0,1983881,Flow path,0,0.05,0.025
north,3,3,97037,Flow path,0.15000000000000002,0.2,0.17500000000000002
north,4,15,53828,Flow path,0.75,0.8,0.775
north,4,14,46944,Flow path,0.7000000000000001,0.75,0.7250000000000001
north,3,2,317406,Flow path,0.1,0.15000000000000002,0.125
north,4,12,39175,Flow path,0.6000000000000001,0.65,0.625
north,3,1,1121515,Flow path,0.05,0.1,0.07500000000000001
north,4,6,43379,Flow path,0.30000000000000004,0.35000000000000003,0.325
north,5,13,24005,Flow path,0.65,0.7000000000000001,0.675
north,4,11,36362,Flow path,0.55,0.6000000000000001,0.5750000000000001
north,5,17,39863,Flow path,0.8500000000000001,0.9,0.875
north,2,2,140439,Flow path,0.1,0.15000000000000002,0.125
north,3,10,59063,Flow path,0.5,0.55,0.525
north,2,5,86781,Flow path,0.25,0.30000000000000004,0.275
north,3,9,58242,Flow path,0.45,0.5,0.47500000000000003
north,4,17,88035,Flow path,0.8500000000000001,0.9,0.875
north,4,5,240789,Flow path,0.25,0.30000000000000004,0.275
north,4,10,33574,Flow path,0.5,0.55,0.525
south,1,0,856872,Flow path,0,0.05,0.025
south,2,0,740510,Flow path,0,0.05,0.025
south,3,0,690864,Flow path,0,0.05,0.025
south,4,2,17593,Flow path,0.1,0.15000000000000002,0.125
south,5,9,11554,Flow path,0.45,0.5,0.47500000000000003
south,6,19,692595,Flow path,0.9500000000000001,1,0.9750000000000001
south,7,19,786509,Flow path,0.9500000000000001,1,0.9750000000000001
south,8,19,820935,Flow path,0.9500000000000001,1,0.9750000000000001
south,1,7,9183,Flow path,0.35000000000000003,0.4,0.375
south,2,19,106682,Flow path,0.9500000000000001,1,0.9750000000000001
south,3,19,232691,Flow path,0.9500000000000001,1,0.9750000000000001
south,4,19,313134,Flow path,0.9500000000000001,1,0.9750000000000001
south,5,19,439504,Flow path,0.9500000000000001,1,0.9750000000000001
south,2,9,7515,Flow path,0.45,0.5,0.47500000000000003
south,3,17,7657,Flow path,0.8500000000000001,0.9,0.875
north,1,5,62234,Flow path,0.25,0.30000000000000004,0.275
north,2,19,679588,Flow path,0.9500000000000001,1,0.9750000000000001
north,3,16,86141,Flow path,0.8,0.8500000000000001,0.8250000000000001
north,2,13,59228,Flow path,0.65,0.7000000000000001,0.675
north,1,9,36833,Flow path,0.45,0.5,0.47500000000000003
north,2,7,64224,Flow path,0.35000000000000003,0.4,0.375
north,3,17,107520,Flow path,0.8500000000000001,0.9,0.875
north,2,6,71654,Flow path,0.30000000000000004,0.35000000000000003,0.325
north,2,9,56664,Flow path,0.45,0.5,0.47500000000000003
north,2,1,218939,Flow path,0.05,0.1,0.07500000000000001
north,3,4,74526,Flow path,0.2,0.25,0.225
north,5,9,148174,Flow path,0.45,0.5,0.47500000000000003
north,6,15,37976,Flow path,0.75,0.8,0.775
north,2,4,100560,Flow path,0.2,0.25,0.225
north,4,18,134617,Flow path,0.9,0.9500000000000001,0.925
north,3,11,65131,Flow path,0.55,0.6000000000000001,0.5750000000000001
north,3,18,151935,Flow path,0.9,0.9500000000000001,0.925
north,2,10,54694,Flow path,0.5,0.55,0.525
north,2,15,61544,Flow path,0.75,0.8,0.775
north,3,5,67563,Flow path,0.25,0.30000000000000004,0.275
north,1,19,84914,Flow path,0.9500000000000001,1,0.9750000000000001
north,3,12,72359,Flow path,0.6000000000000001,0.65,0.625
north,3,14,74450,Flow path,0.7000000000000001,0.75,0.7250000000000001
north,3,13,75620,Flow path,0.65,0.7000000000000001,0.675
north,2,12,55447,Flow path,0.6000000000000001,0.65,0.625
north,5,11,34609,Flow path,0.55,0.6000000000000001,0.5750000000000001
north,6,18,106777,Flow path,0.9,0.9500000000000001,0.925
north,2,11,55058,Flow path,0.55,0.6000000000000001,0.5750000000000001
north,1,18,26290,Flow path,0.9,0.9500000000000001,0.925
north,3,8,54058,Flow path,0.4,0.45,0.42500000000000004
south,4,0,578222,Flow path,0,0.05,0.025
south,5,0,381231,Flow path,0,0.05,0.025
south,6,3,3084,Flow path,0.15000000000000002,0.2,0.17500000000000002
south,6,0,247837,Flow path,0,0.05,0.025
south,7,0,219145,Flow path,0,0.05,0.025
south,8,5,1431,Flow path,0.25,0.30000000000000004,0.275
south,8,6,874,Flow path,0.30000000000000004,0.35000000000000003,0.325
south,8,0,187087,Flow path,0,0.05,0.025
south,5,4,5430,Flow path,0.2,0.25,0.225
south,5,13,18462,Flow path,0.65,0.7000000000000001,0.675
south,2,7,9894,Flow path,0.35000000000000003,0.4,0.375
south,3,15,7841,Flow path,0.75,0.8,0.775
south,1,10,6915,Flow path,0.5,0.55,0.525
south,4,1,28267,Flow path,0.05,0.1,0.07500000000000001
south,5,7,7191,Flow path,0.35000000000000003,0.4,0.375
south,7,15,3402,Flow path,0.75,0.8,0.775
south,6,5,3493,Flow path,0.25,0.30000000000000004,0.275
south,6,11,4076,Flow path,0.55,0.6000000000000001,0.5750000000000001
south,6,9,2924,Flow path,0.45,0.5,0.47500000000000003
south,1,6,8581,Flow path,0.30000000000000004,0.35000000000000003,0.325
south,6,18,18273,Flow path,0.9,0.9500000000000001,0.925
south,1,19,16572,Flow path,0.9500000000000001,1,0.9750000000000001
south,3,1,8329,Flow path,0.05,0.1,0.07500000000000001
south,4,5,5675,Flow path,0.25,0.30000000000000004,0.275
south,5,10,11914,Flow path,0.5,0.55,0.525
south,6,17,11108,Flow path,0.8500000000000001,0.9,0.875
north,4,16,64881,Flow path,0.8,0.8500000000000001,0.8250000000000001
north,1,3,83175,Flow path,0.15000000000000002,0.2,0.17500000000000002
north,2,16,68226,Flow path,0.8,0.8500000000000001,0.8250000000000001
north,1,2,119782,Flow path,0.1,0.15000000000000002,0.125
south,1,5,8118,Flow path,0.25,0.30000000000000004,0.275
south,4,17,7483,Flow path,0.8500000000000001,0.9,0.875
south,4,18,12245,Flow path,0.9,0.9500000000000001,0.925
north,1,6,56290,Flow path,0.30000000000000004,0.35000000000000003,0.325
north,2,17,82192,Flow path,0.8500000000000001,0.9,0.875
north,2,8,57356,Flow path,0.4,0.45,0.42500000000000004
north,2,18,109271,Flow path,0.9,0.9500000000000001,0.925
north,1,4,70444,Flow path,0.2,0.25,0.225
west,1,1,4391,Flow path,0.05,0.1,0.07500000000000001
west,2,16,5990,Flow path,0.8,0.8500000000000001,0.8250000000000001
west,3,19,178730,Flow path,0.9500000000000001,1,0.9750000000000001
west,4,19,260343,Flow path,0.9500000000000001,1,0.9750000000000001
west,5,19,331667,Flow path,0.9500000000000001,1,0.9750000000000001
west,6,19,411901,Flow path,0.9500000000000001,1,0.9750000000000001
west,7,19,514443,Flow path,0.9500000000000001,1,0.9750000000000001
west,8,19,614993,Flow path,0.9500000000000001,1,0.9750000000000001
north,3,0,4500,Flow path,0,0.05,0.025
north,4,0,4500,Flow path,0,0.05,0.025
north,5,0,4500,Flow path,0,0.05,0.025
north,6,0,4500,Flow path,0,0.05,0.025
north,7,0,4500,Flow path,0,0.05,0.025
north,8,0,4500,Flow path,0,0.05,0.025
west,1,0,485063,Flow path,0,0.05,0.025
west,2,0,396280,Flow path,0,0.05,0.025
west,3,0,243211,Flow path,0,0.05,0.025
west,4,0,176408,Flow path,0,0.05,0.025
west,5,8,20794,Flow path,0.4,0.45,0.42500000000000004
west,5,0,139894,Flow path,0,0.05,0.025
west,6,0,111896,Flow path,0,0.05,0.025
west,7,12,2707,Flow path,0.6000000000000001,0.65,0.625
west,4,1,36221,Flow path,0.05,0.1,0.07500000000000001
west,5,5,7100,Flow path,0.25,0.30000000000000004,0.275
west,6,17,16900,Flow path,0.8500000000000001,0.9,0.875
north,6,16,49409,Flow path,0.8,0.8500000000000001,0.8250000000000001
north,5,10,74440,Flow path,0.5,0.55,0.525
north,6,17,60031,Flow path,0.8500000000000001,0.9,0.875
north,5,15,28547,Flow path,0.75,0.8,0.775
west,5,2,1392,Flow path,0.1,0.15000000000000002,0.125
west,6,15,9625,Flow path,0.75,0.8,0.775
north,4,7,34872,Flow path,0.35000000000000003,0.4,0.375
north,5,12,27725,Flow path,0.6000000000000001,0.65,0.625
west,3,1,71897,Flow path,0.05,0.1,0.07500000000000001
west,4,6,20754,Flow path,0.30000000000000004,0.35000000000000003,0.325
north,4,9,33958,Flow path,0.45,0.5,0.47500000000000003
north,5,14,25994,Flow path,0.7000000000000001,0.75,0.7250000000000001
north,4,13,42170,Flow path,0.65,0.7000000000000001,0.675
north,2,3,123462,Flow path,0.15000000000000002,0.2,0.17500000000000002
north,3,6,58749,Flow path,0.30000000000000004,0.35000000000000003,0.325
north,5,18,60962,Flow path,0.9,0.9500000000000001,0.925
north,1,17,22592,Flow path,0.8500000000000001,0.9,0.875
north,3,7,55635,Flow path,0.35000000000000003,0.4,0.375
north,5,16,32924,Flow path,0.8,0.8500000000000001,0.8250000000000001
south,1,3,9334,Flow path,0.15000000000000002,0.2,0.17500000000000002
south,2,18,15211,Flow path,0.9,0.9500000000000001,0.925
south,8,9,489,Flow path,0.45,0.5,0.47500000000000003
west,5,18,5779,Flow path,0.9,0.9500000000000001,0.925
south,4,3,9466,Flow path,0.15000000000000002,0.2,0.17500000000000002
south,5,18,24835,Flow path,0.9,0.9500000000000001,0.925
south,1,9,8303,Flow path,0.45,0.5,0.47500000000000003
south,4,14,4363,Flow path,0.7000000000000001,0.75,0.7250000000000001
south,2,5,11805,Flow path,0.25,0.30000000000000004,0.275
south,3,10,3866,Flow path,0.5,0.55,0.525
west,3,11,3063,Flow path,0.55,0.6000000000000001,0.5750000000000001
west,1,4,9944,Flow path,0.2,0.25,0.225
west,2,19,105974,Flow path,0.9500000000000001,1,0.9750000000000001
north,1,16,25990,Flow path,0.8,0.8500000000000001,0.8250000000000001
north,1,14,32280,Flow path,0.7000000000000001,0.75,0.7250000000000001
north,3,15,77190,Flow path,0.75,0.8,0.775
north,1,11,32453,Flow path,0.55,0.6000000000000001,0.5750000000000001
west,1,2,7252,Flow path,0.1,0.15000000000000002,0.125
west,1,8,4245,Flow path,0.4,0.45,0.42500000000000004
west,2,5,8222,Flow path,0.25,0.30000000000000004,0.275
west,3,16,9945,Flow path,0.8,0.8500000000000001,0.8250000000000001
west,1,19,16220,Flow path,0.9500000000000001,1,0.9750000000000001
west,1,17,6150,Flow path,0.8500000000000001,0.9,0.875
south,5,3,4673,Flow path,0.15000000000000002,0.2,0.17500000000000002
south,2,13,8850,Flow path,0.65,0.7000000000000001,0.675
south,4,4,6597,Flow path,0.2,0.25,0.225
south,6,2,2377,Flow path,0.1,0.15000000000000002,0.125
south,7,16,3594,Flow path,0.8,0.8500000000000001,0.8250000000000001
south,4,7,5361,Flow path,0.35000000000000003,0.4,0.375
west,1,18,7463,Flow path,0.9,0.9500000000000001,0.925
north,1,8,44248,Flow path,0.4,0.45,0.42500000000000004
south,2,3,12242,Flow path,0.15000000000000002,0.2,0.17500000000000002
south,3,6,3663,Flow path,0.30000000000000004,0.35000000000000003,0.325
west,2,10,3492,Flow path,0.5,0.55,0.525
north,1,12,31442,Flow path,0.6000000000000001,0.65,0.625
north,1,7,49499,Flow path,0.35000000000000003,0.4,0.375
north,1,15,27782,Flow path,0.75,0.8,0.775
south,1,8,8981,Flow path,0.4,0.45,0.42500000000000004
north,4,8,32062,Flow path,0.4,0.45,0.42500000000000004
west,4,3,20476,Flow path,0.15000000000000002,0.2,0.17500000000000002
west,5,11,21530,Flow path,0.55,0.6000000000000001,0.5750000000000001
south,2,15,10150,Flow path,0.75,0.8,0.775
west,2,8,4975,Flow path,0.4,0.45,0.42500000000000004
west,3,14,5577,Flow path,0.7000000000000001,0.75,0.7250000000000001
west,2,14,4048,Flow path,0.7000000000000001,0.75,0.7250000000000001
west,3,18,11642,Flow path,0.9,0.9500000000000001,0.925
west,2,7,6964,Flow path,0.35000000000000003,0.4,0.375
west,2,4,9402,Flow path,0.2,0.25,0.225
west,2,6,7172,Flow path,0.30000000000000004,0.35000000000000003,0.325
west,2,17,7568,Flow path,0.8500000000000001,0.9,0.875
west,1,3,9103,Flow path,0.15000000000000002,0.2,0.17500000000000002
west,5,9,21514,Flow path,0.45,0.5,0.47500000000000003
west,3,13,4119,Flow path,0.65,0.7000000000000001,0.675
west,2,18,10879,Flow path,0.9,0.9500000000000001,0.925
west,2,3,9088,Flow path,0.15000000000000002,0.2,0.17500000000000002
west,2,15,4593,Flow path,0.75,0.8,0.775
west,1,13,6368,Flow path,0.65,0.7000000000000001,0.675
west,1,12,6235,Flow path,0.6000000000000001,0.65,0.625
west,1,11,5705,Flow path,0.55,0.6000000000000001,0.5750000000000001
west,1,10,4993,Flow path,0.5,0.55,0.525
south,1,1,38542,Flow path,0.05,0.1,0.07500000000000001
south,2,14,9142,Flow path,0.7000000000000001,0.75,0.7250000000000001
south,5,17,17142,Flow path,0.8500000000000001,0.9,0.875
west,3,17,12617,Flow path,0.8500000000000001,0.9,0.875
north,1,13,31987,Flow path,0.65,0.7000000000000001,0.675
south,5,2,5331,Flow path,0.1,0.15000000000000002,0.125
south,5,8,9394,Flow path,0.4,0.45,0.42500000000000004
south,5,11,16408,Flow path,0.55,0.6000000000000001,0.5750000000000001
south,1,13,4440,Flow path,0.65,0.7000000000000001,0.675
south,1,2,21312,Flow path,0.1,0.15000000000000002,0.125
south,2,17,11324,Flow path,0.8500000000000001,0.9,0.875
south,3,16,7712,Flow path,0.8,0.8500000000000001,0.8250000000000001
south,3,13,6336,Flow path,0.65,0.7000000000000001,0.675
south,4,15,4457,Flow path,0.75,0.8,0.775
west,4,16,5814,Flow path,0.8,0.8500000000000001,0.8250000000000001
west,6,3,1288,Flow path,0.15000000000000002,0.2,0.17500000000000002
west,7,18,2517,Flow path,0.9,0.9500000000000001,0.925
south,4,10,4622,Flow path,0.5,0.55,0.525
south,4,16,5486,Flow path,0.8,0.8500000000000001,0.8250000000000001
west,1,5,9021,Flow path,0.25,0.30000000000000004,0.275
west,1,6,7565,Flow path,0.30000000000000004,0.35000000000000003,0.325
south,2,16,9940,Flow path,0.8,0.8500000000000001,0.8250000000000001
south,3,14,6826,Flow path,0.7000000000000001,0.75,0.7250000000000001
south,5,15,16549,Flow path,0.75,0.8,0.775
south,2,10,8022,Flow path,0.5,0.55,0.525
south,2,1,9094,Flow path,0.05,0.1,0.07500000000000001
south,3,3,4182,Flow path,0.15000000000000002,0.2,0.17500000000000002
south,5,16,13473,Flow path,0.8,0.8500000000000001,0.8250000000000001
west,2,9,4896,Flow path,0.45,0.5,0.47500000000000003
west,5,10,22223,Flow path,0.5,0.55,0.525
west,6,18,25734,Flow path,0.9,0.9500000000000001,0.925
west,2,2,9604,Flow path,0.1,0.15000000000000002,0.125
west,3,9,2658,Flow path,0.45,0.5,0.47500000000000003
west,3,4,4942,Flow path,0.2,0.25,0.225
west,5,6,8866,Flow path,0.30000000000000004,0.35000000000000003,0.325
west,4,17,6490,Flow path,0.8500000000000001,0.9,0.875
west,6,1,916,Flow path,0.05,0.1,0.07500000000000001
west,7,14,2544,Flow path,0.7000000000000001,0.75,0.7250000000000001
west,7,0,45510,Flow path,0,0.05,0.025
west,8,0,2500,Flow path,0,0.05,0.025
west,3,10,3046,Flow path,0.5,0.55,0.525
north,1,10,34609,Flow path,0.5,0.55,0.525
west,7,15,1160,Flow path,0.75,0.8,0.775
west,6,6,1202,Flow path,0.30000000000000004,0.35000000000000003,0.325
west,6,16,12196,Flow path,0.8,0.8500000000000001,0.8250000000000001
west,6,5,934,Flow path,0.25,0.30000000000000004,0.275
west,3,12,2954,Flow path,0.6000000000000001,0.65,0.625
west,2,12,2719,Flow path,0.6000000000000001,0.65,0.625
west,2,13,3232,Flow path,0.65,0.7000000000000001,0.675
west,4,18,7865,Flow path,0.9,0.9500000000000001,0.925
west,1,9,4651,Flow path,0.45,0.5,0.47500000000000003
west,1,15,5718,Flow path,0.75,0.8,0.775
west,4,15,5367,Flow path,0.75,0.8,0.775
west,4,8,1447,Flow path,0.4,0.45,0.42500000000000004
west,5,15,1863,Flow path,0.75,0.8,0.775
west,2,1,10342,Flow path,0.05,0.1,0.07500000000000001
west,3,6,2750,Flow path,0.30000000000000004,0.35000000000000003,0.325
west,1,16,5463,Flow path,0.8,0.8500000000000001,0.8250000000000001
west,3,2,39955,Flow path,0.1,0.15000000000000002,0.125
west,5,12,3233,Flow path,0.6000000000000001,0.65,0.625
west,1,14,6500,Flow path,0.7000000000000001,0.75,0.7250000000000001
west,4,14,4321,Flow path,0.7000000000000001,0.75,0.7250000000000001
west,3,5,3814,Flow path,0.25,0.30000000000000004,0.275
west,1,7,5950,Flow path,0.35000000000000003,0.4,0.375
west,3,15,7693,Flow path,0.75,0.8,0.775
south,3,2,8418,Flow path,0.1,0.15000000000000002,0.125
south,4,13,4694,Flow path,0.65,0.7000000000000001,0.675
south,3,7,4140,Flow path,0.35000000000000003,0.4,0.375
south,2,2,12015,Flow path,0.1,0.15000000000000002,0.125
south,3,9,4196,Flow path,0.45,0.5,0.47500000000000003
south,2,12,8335,Flow path,0.6000000000000001,0.65,0.625
south,3,18,14408,Flow path,0.9,0.9500000000000001,0.925
south,1,18,3565,Flow path,0.9,0.9500000000000001,0.925
south,1,17,2686,Flow path,0.8500000000000001,0.9,0.875
south,1,11,5414,Flow path,0.55,0.6000000000000001,0.5750000000000001
south,5,14,15338,Flow path,0.7000000000000001,0.75,0.7250000000000001
south,6,8,2644,Flow path,0.4,0.45,0.42500000000000004
south,2,11,8125,Flow path,0.55,0.6000000000000001,0.5750000000000001
south,1,4,7735,Flow path,0.2,0.25,0.225
south,2,8,8752,Flow path,0.4,0.45,0.42500000000000004
south,7,6,348,Flow path,0.30000000000000004,0.35000000000000003,0.325
south,6,7,3175,Flow path,0.35000000000000003,0.4,0.375
south,2,6,10895,Flow path,0.30000000000000004,0.35000000000000003,0.325
south,4,6,5111,Flow path,0.30000000000000004,0.35000000000000003,0.325
south,8,17,1115,Flow path,0.8500000000000001,0.9,0.875
south,4,8,4453,Flow path,0.4,0.45,0.42500000000000004
south,1,14,3436,Flow path,0.7000000000000001,0.75,0.7250000000000001
south,2,4,11997,Flow path,0.2,0.25,0.225
south,3,8,4525,Flow path,0.4,0.45,0.42500000000000004
south,1,12,4654,Flow path,0.6000000000000001,0.65,0.625
south,1,15,3094,Flow path,0.75,0.8,0.775
south,7,11,1642,Flow path,0.55,0.6000000000000001,0.5750000000000001
south,8,18,2832,Flow path,0.9,0.9500000000000001,0.925
south,6,13,4573,Flow path,0.65,0.7000000000000001,0.675
west,7,17,1850,Flow path,0.8500000000000001,0.9,0.875
west,4,2,7244,Flow path,0.1,0.15000000000000002,0.125
west,4,11,2898,Flow path,0.55,0.6000000000000001,0.5750000000000001
west,6,11,1141,Flow path,0.55,0.6000000000000001,0.5750000000000001
south,3,4,2697,Flow path,0.2,0.25,0.225
south,1,16,2763,Flow path,0.8,0.8500000000000001,0.8250000000000001
south,3,12,5017,Flow path,0.6000000000000001,0.65,0.625
south,4,11,4468,Flow path,0.55,0.6000000000000001,0.5750000000000001
south,5,1,5037,Flow path,0.05,0.1,0.07500000000000001
south,7,18,2399,Flow path,0.9,0.9500000000000001,0.925
south,4,12,4247,Flow path,0.6000000000000001,0.65,0.625
south,8,7,461,Flow path,0.35000000000000003,0.4,0.375
south,4,9,4556,Flow path,0.45,0.5,0.47500000000000003
west,3,8,2450,Flow path,0.4,0.45,0.42500000000000004
south,6,6,3301,Flow path,0.30000000000000004,0.35000000000000003,0.325
south,6,15,6907,Flow path,0.75,0.8,0.775
north,6,11,15631,Flow path,0.55,0.6000000000000001,0.5750000000000001
north,6,14,24635,Flow path,0.7000000000000001,0.75,0.7250000000000001
south,6,4,2799,Flow path,0.2,0.25,0.225
south,5,12,14584,Flow path,0.6000000000000001,0.65,0.625
south,6,10,3507,Flow path,0.5,0.55,0.525
south,6,16,8204,Flow path,0.8,0.8500000000000001,0.8250000000000001
west,7,7,3214,Flow path,0.35000000000000003,0.4,0.375
west,6,13,6757,Flow path,0.65,0.7000000000000001,0.675
north,6,12,18923,Flow path,0.6000000000000001,0.65,0.625
north,6,13,26879,Flow path,0.65,0.7000000000000001,0.675
west,6,12,4490,Flow path,0.6000000000000001,0.65,0.625
south,6,14,4771,Flow path,0.7000000000000001,0.75,0.7250000000000001
south,7,14,2270,Flow path,0.7000000000000001,0.75,0.7250000000000001
west,2,11,2560,Flow path,0.55,0.6000000000000001,0.5750000000000001
south,5,5,5677,Flow path,0.25,0.30000000000000004,0.275
west,6,2,1211,Flow path,0.1,0.15000000000000002,0.125
west,7,13,3038,Flow path,0.65,0.7000000000000001,0.675
west,6,14,7207,Flow path,0.7000000000000001,0.75,0.7250000000000001
west,4,7,1181,Flow path,0.35000000000000003,0.4,0.375
west,7,11,3435,Flow path,0.55,0.6000000000000001,0.5750000000000001
west,6,10,852,Flow path,0.5,0.55,0.525
west,6,7,979,Flow path,0.35000000000000003,0.4,0.375
west,6,4,1132,Flow path,0.2,0.25,0.225
west,6,9,753,Flow path,0.45,0.5,0.47500000000000003
west,5,4,3959,Flow path,0.2,0.25,0.225
west,5,16,1635,Flow path,0.8,0.8500000000000001,0.8250000000000001
west,3,7,2519,Flow path,0.35000000000000003,0.4,0.375
west,5,14,1938,Flow path,0.7000000000000001,0.75,0.7250000000000001
west,5,17,2858,Flow path,0.8500000000000001,0.9,0.875
south,3,11,4357,Flow path,0.55,0.6000000000000001,0.5750000000000001
south,7,2,305,Flow path,0.1,0.15000000000000002,0.125
south,7,17,2991,Flow path,0.8500000000000001,0.9,0.875
south,6,1,1014,Flow path,0.05,0.1,0.07500000000000001
south,7,9,721,Flow path,0.45,0.5,0.47500000000000003
south,8,16,1035,Flow path,0.8,0.8500000000000001,0.8250000000000001
west,7,10,4256,Flow path,0.5,0.55,0.525
west,4,13,3692,Flow path,0.65,0.7000000000000001,0.675
west,5,13,2460,Flow path,0.65,0.7000000000000001,0.675
south,8,15,1067,Flow path,0.75,0.8,0.775
south,8,3,3271,Flow path,0.15000000000000002,0.2,0.17500000000000002
south,3,5,2775,Flow path,0.25,0.30000000000000004,0.275
south,5,6,6773,Flow path,0.30000000000000004,0.35000000000000003,0.325
north,4,4,263690,Flow path,0.2,0.25,0.225
north,4,3,283175,Flow path,0.15000000000000002,0.2,0.17500000000000002
west,4,4,24790,Flow path,0.2,0.25,0.225
west,4,5,23901,Flow path,0.25,0.30000000000000004,0.275
west,4,12,3790,Flow path,0.6000000000000001,0.65,0.625
west,3,3,4418,Flow path,0.15000000000000002,0.2,0.17500000000000002
south,7,13,2175,Flow path,0.65,0.7000000000000001,0.675
south,7,10,1077,Flow path,0.5,0.55,0.525
south,8,4,2287,Flow path,0.2,0.25,0.225
south,7,7,419,Flow path,0.35000000000000003,0.4,0.375
south,8,2,2162,Flow path,0.1,0.15000000000000002,0.125
south,6,12,3838,Flow path,0.6000000000000001,0.65,0.625
north,5,7,105148,Flow path,0.35000000000000003,0.4,0.375
south,7,12,1771,Flow path,0.6000000000000001,0.65,0.625
west,5,7,16433,Flow path,0.35000000000000003,0.4,0.375
west,7,8,6613,Flow path,0.4,0.45,0.42500000000000004
north,5,8,115211,Flow path,0.4,0.45,0.42500000000000004
west,4,9,2236,Flow path,0.45,0.5,0.47500000000000003
west,4,10,2762,Flow path,0.5,0.55,0.525
south,7,1,298,Flow path,0.05,0.1,0.07500000000000001
south,8,14,917,Flow path,0.7000000000000001,0.75,0.7250000000000001
south,8,1,2072,Flow path,0.05,0.1,0.07500000000000001
west,7,4,3059,Flow path,0.2,0.25,0.225
west,7,16,1218,Flow path,0.8,0.8500000000000001,0.8250000000000001
south,8,10,520,Flow path,0.5,0.55,0.525
west,5,3,2405,Flow path,0.15000000000000002,0.2,0.17500000000000002
north,5,6,76566,Flow path,0.30000000000000004,0.35000000000000003,0.325
north,6,10,8075,Flow path,0.5,0.55,0.525
west,7,6,4358,Flow path,0.30000000000000004,0.35000000000000003,0.325
west,7,9,5120,Flow path,0.45,0.5,0.47500000000000003
west,5,1,457,Flow path,0.05,0.1,0.07500000000000001
west,6,8,886,Flow path,0.4,0.45,0.42500000000000004
south,7,4,283,Flow path,0.2,0.25,0.225
south,8,11,486,Flow path,0.55,0.6000000000000001,0.5750000000000001
south,7,8,487,Flow path,0.4,0.45,0.42500000000000004
west,7,5,3938,Flow path,0.25,0.30000000000000004,0.275
south,7,5,375,Flow path,0.25,0.30000000000000004,0.275
north,7,18,1649,Flow path,0.9,0.9500000000000001,0.925
west,7,3,2660,Flow path,0.15000000000000002,0.2,0.17500000000000002
west,7,2,2994,Flow path,0.1,0.15000000000000002,0.125
south,8,13,623,Flow path,0.65,0.7000000000000001,0.675
north,4,2,148911,Flow path,0.1,0.15000000000000002,0.125
south,7,3,289,Flow path,0.15000000000000002,0.2,0.17500000000000002
south,8,8,322,Flow path,0.4,0.45,0.42500000000000004
west,7,1,3366,Flow path,0.05,0.1,0.07500000000000001
south,8,12,514,Flow path,0.6000000000000001,0.65,0.625
north,5,5,4842,Flow path,0.25,0.30000000000000004,0.275
west,8,18,507,Flow path,0.9,0.9500000000000001,0.925
