wwtp,bin,count,bin_left,bin_right,bin_mid,mean_value,median_value,scenario
north,9,246370,0.45,0.5,0.47500000000000003,0.332586617477583,0.2863700177041028,Skewed (Base)
north,3,437669,0.15000000000000002,0.2,0.17500000000000002,0.332586617477583,0.2863700177041028,Skewed (Base)
north,2,414736,0.1,0.15000000000000002,0.125,0.332586617477583,0.2863700177041028,Skewed (Base)
north,5,315378,0.25,0.30000000000000004,0.275,0.332586617477583,0.2863700177041028,Skewed (Base)
north,12,100519,0.6000000000000001,0.65,0.625,0.332586617477583,0.2863700177041028,Skewed (Base)
north,8,244640,0.4,0.45,0.42500000000000004,0.332586617477583,0.2863700177041028,Skewed (Base)
north,14,67284,0.7000000000000001,0.75,0.7250000000000001,0.332586617477583,0.2863700177041028,Skewed (Base)
north,7,251485,0.35000000000000003,0.4,0.375,0.332586617477583,0.2863700177041028,Skewed (Base)
north,6,423783,0.30000000000000004,0.35000000000000003,0.325,0.332586617477583,0.2863700177041028,Skewed (Base)
north,4,297774,0.2,0.25,0.225,0.332586617477583,0.2863700177041028,Skewed (Base)
north,1,724871,0.05,0.1,0.07500000000000001,0.332586617477583,0.2863700177041028,Skewed (Base)
north,19,108768,0.9500000000000001,1,0.9750000000000001,0.332586617477583,0.2863700177041028,Skewed (Base)
north,10,133816,0.5,0.55,0.525,0.332586617477583,0.2863700177041028,Skewed (Base)
north,11,113646,0.55,0.6000000000000001,0.5750000000000001,0.332586617477583,0.2863700177041028,Skewed (Base)
north,0,4500,0,0.05,0.025,0.332586617477583,0.2863700177041028,Skewed (Base)
north,18,44996,0.9,0.9500000000000001,0.925,0.332586617477583,0.2863700177041028,Skewed (Base)
north,17,54580,0.8500000000000001,0.9,0.875,0.332586617477583,0.2863700177041028,Skewed (Base)
north,15,60662,0.75,0.8,0.775,0.332586617477583,0.2863700177041028,Skewed (Base)
north,13,85193,0.65,0.7000000000000001,0.675,0.332586617477583,0.2863700177041028,Skewed (Base)
north,16,59830,0.8,0.8500000000000001,0.8250000000000001,0.332586617477583,0.2863700177041028,Skewed (Base)
south,1,213438,0.05,0.1,0.07500000000000001,0.18707079442995755,0.05776392926312057,Skewed (Base)
south,13,16744,0.65,0.7000000000000001,0.675,0.18707079442995755,0.05776392926312057,Skewed (Base)
south,7,37062,0.35000000000000003,0.4,0.375,0.18707079442995755,0.05776392926312057,Skewed (Base)
south,0,436359,0,0.05,0.025,0.18707079442995755,0.05776392926312057,Skewed (Base)
south,6,43852,0.30000000000000004,0.35000000000000003,0.325,0.18707079442995755,0.05776392926312057,Skewed (Base)
south,14,15060,0.7000000000000001,0.75,0.7250000000000001,0.18707079442995755,0.05776392926312057,Skewed (Base)
south,19,19788,0.9500000000000001,1,0.9750000000000001,0.18707079442995755,0.05776392926312057,Skewed (Base)
south,12,14664,0.6000000000000001,0.65,0.625,0.18707079442995755,0.05776392926312057,Skewed (Base)
south,3,29715,0.15000000000000002,0.2,0.17500000000000002,0.18707079442995755,0.05776392926312057,Skewed (Base)
south,11,12923,0.55,0.6000000000000001,0.5750000000000001,0.18707079442995755,0.05776392926312057,Skewed (Base)
south,9,38781,0.45,0.5,0.47500000000000003,0.18707079442995755,0.05776392926312057,Skewed (Base)
south,2,35846,0.1,0.15000000000000002,0.125,0.18707079442995755,0.05776392926312057,Skewed (Base)
south,5,18780,0.25,0.30000000000000004,0.275,0.18707079442995755,0.05776392926312057,Skewed (Base)
south,8,28767,0.4,0.45,0.42500000000000004,0.18707079442995755,0.05776392926312057,Skewed (Base)
south,4,17887,0.2,0.25,0.225,0.18707079442995755,0.05776392926312057,Skewed (Base)
south,10,21807,0.5,0.55,0.525,0.18707079442995755,0.05776392926312057,Skewed (Base)
south,16,8139,0.8,0.8500000000000001,0.8250000000000001,0.18707079442995755,0.05776392926312057,Skewed (Base)
south,18,5075,0.9,0.9500000000000001,0.925,0.18707079442995755,0.05776392926312057,Skewed (Base)
south,15,9886,0.75,0.8,0.775,0.18707079442995755,0.05776392926312057,Skewed (Base)
south,17,5927,0.8500000000000001,0.9,0.875,0.18707079442995755,0.05776392926312057,Skewed (Base)
west,9,13319,0.45,0.5,0.47500000000000003,0.2659913466371746,0.1137016534473656,Skewed (Base)
west,0,156573,0,0.05,0.025,0.2659913466371746,0.1137016534473656,Skewed (Base)
west,1,123611,0.05,0.1,0.07500000000000001,0.2659913466371746,0.1137016534473656,Skewed (Base)
west,2,49237,0.1,0.15000000000000002,0.125,0.2659913466371746,0.1137016534473656,Skewed (Base)
west,5,15535,0.25,0.30000000000000004,0.275,0.2659913466371746,0.1137016534473656,Skewed (Base)
west,11,15671,0.55,0.6000000000000001,0.5750000000000001,0.2659913466371746,0.1137016534473656,Skewed (Base)
west,10,10699,0.5,0.55,0.525,0.2659913466371746,0.1137016534473656,Skewed (Base)
west,13,8848,0.65,0.7000000000000001,0.675,0.2659913466371746,0.1137016534473656,Skewed (Base)
west,6,47208,0.30000000000000004,0.35000000000000003,0.325,0.2659913466371746,0.1137016534473656,Skewed (Base)
west,19,22979,0.9500000000000001,1,0.9750000000000001,0.2659913466371746,0.1137016534473656,Skewed (Base)
west,18,11103,0.9,0.9500000000000001,0.925,0.2659913466371746,0.1137016534473656,Skewed (Base)
west,8,12108,0.4,0.45,0.42500000000000004,0.2659913466371746,0.1137016534473656,Skewed (Base)
west,7,24631,0.35000000000000003,0.4,0.375,0.2659913466371746,0.1137016534473656,Skewed (Base)
west,16,12017,0.8,0.8500000000000001,0.8250000000000001,0.2659913466371746,0.1137016534473656,Skewed (Base)
west,15,10617,0.75,0.8,0.775,0.2659913466371746,0.1137016534473656,Skewed (Base)
west,3,34137,0.15000000000000002,0.2,0.17500000000000002,0.2659913466371746,0.1137016534473656,Skewed (Base)
west,12,13967,0.6000000000000001,0.65,0.625,0.2659913466371746,0.1137016534473656,Skewed (Base)
west,14,8566,0.7000000000000001,0.75,0.7250000000000001,0.2659913466371746,0.1137016534473656,Skewed (Base)
west,17,11180,0.8500000000000001,0.9,0.875,0.2659913466371746,0.1137016534473656,Skewed (Base)
west,4,15994,0.2,0.25,0.225,0.2659913466371746,0.1137016534473656,Skewed (Base)
north,4,251585,0.2,0.25,0.225,0.20983059322244638,0.13292992414369076,Highly Skewed
north,1,1380864,0.05,0.1,0.07500000000000001,0.20983059322244638,0.13292992414369076,Highly Skewed
north,2,962532,0.1,0.15000000000000002,0.125,0.20983059322244638,0.13292992414369076,Highly Skewed
north,8,72922,0.4,0.45,0.42500000000000004,0.20983059322244638,0.13292992414369076,Highly Skewed
north,3,535239,0.15000000000000002,0.2,0.17500000000000002,0.20983059322244638,0.13292992414369076,Highly Skewed
north,11,46614,0.55,0.6000000000000001,0.5750000000000001,0.20983059322244638,0.13292992414369076,Highly Skewed
north,19,94009,0.9500000000000001,1,0.9750000000000001,0.20983059322244638,0.13292992414369076,Highly Skewed
north,5,145544,0.25,0.30000000000000004,0.275,0.20983059322244638,0.13292992414369076,Highly Skewed
north,6,97942,0.30000000000000004,0.35000000000000003,0.325,0.20983059322244638,0.13292992414369076,Highly Skewed
north,7,84300,0.35000000000000003,0.4,0.375,0.20983059322244638,0.13292992414369076,Highly Skewed
north,0,140865,0,0.05,0.025,0.20983059322244638,0.13292992414369076,Highly Skewed
north,17,31299,0.8500000000000001,0.9,0.875,0.20983059322244638,0.13292992414369076,Highly Skewed
north,18,27953,0.9,0.9500000000000001,0.925,0.20983059322244638,0.13292992414369076,Highly Skewed
north,9,65459,0.45,0.5,0.47500000000000003,0.20983059322244638,0.13292992414369076,Highly Skewed
north,15,40270,0.75,0.8,0.775,0.20983059322244638,0.13292992414369076,Highly Skewed
north,13,39637,0.65,0.7000000000000001,0.675,0.20983059322244638,0.13292992414369076,Highly Skewed
north,10,56851,0.5,0.55,0.525,0.20983059322244638,0.13292992414369076,Highly Skewed
north,14,39389,0.7000000000000001,0.75,0.7250000000000001,0.20983059322244638,0.13292992414369076,Highly Skewed
north,16,34242,0.8,0.8500000000000001,0.8250000000000001,0.20983059322244638,0.13292992414369076,Highly Skewed
north,12,42984,0.6000000000000001,0.65,0.625,0.20983059322244638,0.13292992414369076,Highly Skewed
south,0,635035,0,0.05,0.025,0.1248917310436701,0.03880004080915678,Highly Skewed
south,10,11133,0.5,0.55,0.525,0.1248917310436701,0.03880004080915678,Highly Skewed
south,3,66704,0.15000000000000002,0.2,0.17500000000000002,0.1248917310436701,0.03880004080915678,Highly Skewed
south,12,8307,0.6000000000000001,0.65,0.625,0.1248917310436701,0.03880004080915678,Highly Skewed
south,9,11118,0.45,0.5,0.47500000000000003,0.1248917310436701,0.03880004080915678,Highly Skewed
south,19,17591,0.9500000000000001,1,0.9750000000000001,0.1248917310436701,0.03880004080915678,Highly Skewed
south,1,81151,0.05,0.1,0.07500000000000001,0.1248917310436701,0.03880004080915678,Highly Skewed
south,8,10062,0.4,0.45,0.42500000000000004,0.1248917310436701,0.03880004080915678,Highly Skewed
south,6,11458,0.30000000000000004,0.35000000000000003,0.325,0.1248917310436701,0.03880004080915678,Highly Skewed
south,4,31975,0.2,0.25,0.225,0.1248917310436701,0.03880004080915678,Highly Skewed
south,11,10414,0.55,0.6000000000000001,0.5750000000000001,0.1248917310436701,0.03880004080915678,Highly Skewed
south,2,66639,0.1,0.15000000000000002,0.125,0.1248917310436701,0.03880004080915678,Highly Skewed
south,5,32104,0.25,0.30000000000000004,0.275,0.1248917310436701,0.03880004080915678,Highly Skewed
south,15,4437,0.75,0.8,0.775,0.1248917310436701,0.03880004080915678,Highly Skewed
south,14,5729,0.7000000000000001,0.75,0.7250000000000001,0.1248917310436701,0.03880004080915678,Highly Skewed
south,18,3951,0.9,0.9500000000000001,0.925,0.1248917310436701,0.03880004080915678,Highly Skewed
south,17,3265,0.8500000000000001,0.9,0.875,0.1248917310436701,0.03880004080915678,Highly Skewed
south,13,6226,0.65,0.7000000000000001,0.675,0.1248917310436701,0.03880004080915678,Highly Skewed
south,7,9338,0.35000000000000003,0.4,0.375,0.1248917310436701,0.03880004080915678,Highly Skewed
south,16,3863,0.8,0.8500000000000001,0.8250000000000001,0.1248917310436701,0.03880004080915678,Highly Skewed
west,4,6591,0.2,0.25,0.225,0.18905307471923605,0.06378824793210347,Highly Skewed
west,0,226129,0,0.05,0.025,0.18905307471923605,0.06378824793210347,Highly Skewed
west,1,136872,0.05,0.1,0.07500000000000001,0.18905307471923605,0.06378824793210347,Highly Skewed
west,2,69191,0.1,0.15000000000000002,0.125,0.18905307471923605,0.06378824793210347,Highly Skewed
west,7,11693,0.35000000000000003,0.4,0.375,0.18905307471923605,0.06378824793210347,Highly Skewed
west,5,7294,0.25,0.30000000000000004,0.275,0.18905307471923605,0.06378824793210347,Highly Skewed
west,10,5516,0.5,0.55,0.525,0.18905307471923605,0.06378824793210347,Highly Skewed
west,19,18438,0.9500000000000001,1,0.9750000000000001,0.18905307471923605,0.06378824793210347,Highly Skewed
west,18,8384,0.9,0.9500000000000001,0.925,0.18905307471923605,0.06378824793210347,Highly Skewed
west,3,49027,0.15000000000000002,0.2,0.17500000000000002,0.18905307471923605,0.06378824793210347,Highly Skewed
west,6,10151,0.30000000000000004,0.35000000000000003,0.325,0.18905307471923605,0.06378824793210347,Highly Skewed
west,14,7856,0.7000000000000001,0.75,0.7250000000000001,0.18905307471923605,0.06378824793210347,Highly Skewed
west,12,6463,0.6000000000000001,0.65,0.625,0.18905307471923605,0.06378824793210347,Highly Skewed
west,8,10440,0.4,0.45,0.42500000000000004,0.18905307471923605,0.06378824793210347,Highly Skewed
west,11,5681,0.55,0.6000000000000001,0.5750000000000001,0.18905307471923605,0.06378824793210347,Highly Skewed
west,13,7214,0.65,0.7000000000000001,0.675,0.18905307471923605,0.06378824793210347,Highly Skewed
west,17,7162,0.8500000000000001,0.9,0.875,0.18905307471923605,0.06378824793210347,Highly Skewed
west,16,7013,0.8,0.8500000000000001,0.8250000000000001,0.18905307471923605,0.06378824793210347,Highly Skewed
west,9,8679,0.45,0.5,0.47500000000000003,0.18905307471923605,0.06378824793210347,Highly Skewed
west,15,8206,0.75,0.8,0.775,0.18905307471923605,0.06378824793210347,Highly Skewed
north,17,426268,0.8500000000000001,0.9,0.875,0.7077246493629378,0.7193651865937339,Homogeneous
north,12,434807,0.6000000000000001,0.65,0.625,0.7077246493629378,0.7193651865937339,Homogeneous
north,11,216032,0.55,0.6000000000000001,0.5750000000000001,0.7077246493629378,0.7193651865937339,Homogeneous
north,10,371325,0.5,0.55,0.525,0.7077246493629378,0.7193651865937339,Homogeneous
north,14,451780,0.7000000000000001,0.75,0.7250000000000001,0.7077246493629378,0.7193651865937339,Homogeneous
north,18,311452,0.9,0.9500000000000001,0.925,0.7077246493629378,0.7193651865937339,Homogeneous
north,16,349576,0.8,0.8500000000000001,0.8250000000000001,0.7077246493629378,0.7193651865937339,Homogeneous
north,15,419488,0.75,0.8,0.775,0.7077246493629378,0.7193651865937339,Homogeneous
north,13,334181,0.65,0.7000000000000001,0.675,0.7077246493629378,0.7193651865937339,Homogeneous
north,9,376769,0.45,0.5,0.47500000000000003,0.7077246493629378,0.7193651865937339,Homogeneous
north,19,280961,0.9500000000000001,1,0.9750000000000001,0.7077246493629378,0.7193651865937339,Homogeneous
north,0,4500,0,0.05,0.025,0.7077246493629378,0.7193651865937339,Homogeneous
north,8,207046,0.4,0.45,0.42500000000000004,0.7077246493629378,0.7193651865937339,Homogeneous
north,7,6315,0.35000000000000003,0.4,0.375,0.7077246493629378,0.7193651865937339,Homogeneous
south,9,141297,0.45,0.5,0.47500000000000003,0.4706978256314324,0.4720441341737812,Homogeneous
south,18,56450,0.9,0.9500000000000001,0.925,0.4706978256314324,0.4720441341737812,Homogeneous
south,15,52558,0.75,0.8,0.775,0.4706978256314324,0.4720441341737812,Homogeneous
south,5,13510,0.25,0.30000000000000004,0.275,0.4706978256314324,0.4720441341737812,Homogeneous
south,0,199645,0,0.05,0.025,0.4706978256314324,0.4720441341737812,Homogeneous
south,7,99126,0.35000000000000003,0.4,0.375,0.4706978256314324,0.4720441341737812,Homogeneous
south,8,65277,0.4,0.45,0.42500000000000004,0.4706978256314324,0.4720441341737812,Homogeneous
south,4,30430,0.2,0.25,0.225,0.4706978256314324,0.4720441341737812,Homogeneous
south,6,31583,0.30000000000000004,0.35000000000000003,0.325,0.4706978256314324,0.4720441341737812,Homogeneous
south,2,15690,0.1,0.15000000000000002,0.125,0.4706978256314324,0.4720441341737812,Homogeneous
south,19,40836,0.9500000000000001,1,0.9750000000000001,0.4706978256314324,0.4720441341737812,Homogeneous
south,12,30060,0.6000000000000001,0.65,0.625,0.4706978256314324,0.4720441341737812,Homogeneous
south,17,58482,0.8500000000000001,0.9,0.875,0.4706978256314324,0.4720441341737812,Homogeneous
south,1,4728,0.05,0.1,0.07500000000000001,0.4706978256314324,0.4720441341737812,Homogeneous
south,10,50947,0.5,0.55,0.525,0.4706978256314324,0.4720441341737812,Homogeneous
south,11,30921,0.55,0.6000000000000001,0.5750000000000001,0.4706978256314324,0.4720441341737812,Homogeneous
south,14,32418,0.7000000000000001,0.75,0.7250000000000001,0.4706978256314324,0.4720441341737812,Homogeneous
south,16,52384,0.8,0.8500000000000001,0.8250000000000001,0.4706978256314324,0.4720441341737812,Homogeneous
south,13,20354,0.65,0.7000000000000001,0.675,0.4706978256314324,0.4720441341737812,Homogeneous
south,3,3804,0.15000000000000002,0.2,0.17500000000000002,0.4706978256314324,0.4720441341737812,Homogeneous
west,17,37069,0.8500000000000001,0.9,0.875,0.5750491599357787,0.5542354497833777,Homogeneous
west,8,49050,0.4,0.45,0.42500000000000004,0.5750491599357787,0.5542354497833777,Homogeneous
west,4,23100,0.2,0.25,0.225,0.5750491599357787,0.5542354497833777,Homogeneous
west,7,25843,0.35000000000000003,0.4,0.375,0.5750491599357787,0.5542354497833777,Homogeneous
west,11,24167,0.55,0.6000000000000001,0.5750000000000001,0.5750491599357787,0.5542354497833777,Homogeneous
west,14,28748,0.7000000000000001,0.75,0.7250000000000001,0.5750491599357787,0.5542354497833777,Homogeneous
west,18,40819,0.9,0.9500000000000001,0.925,0.5750491599357787,0.5542354497833777,Homogeneous
west,15,51037,0.75,0.8,0.775,0.5750491599357787,0.5542354497833777,Homogeneous
west,19,59618,0.9500000000000001,1,0.9750000000000001,0.5750491599357787,0.5542354497833777,Homogeneous
west,16,18051,0.8,0.8500000000000001,0.8250000000000001,0.5750491599357787,0.5542354497833777,Homogeneous
west,9,81571,0.45,0.5,0.47500000000000003,0.5750491599357787,0.5542354497833777,Homogeneous
west,12,34628,0.6000000000000001,0.65,0.625,0.5750491599357787,0.5542354497833777,Homogeneous
west,5,8294,0.25,0.30000000000000004,0.275,0.5750491599357787,0.5542354497833777,Homogeneous
west,13,17761,0.65,0.7000000000000001,0.675,0.5750491599357787,0.5542354497833777,Homogeneous
west,0,2500,0,0.05,0.025,0.5750491599357787,0.5542354497833777,Homogeneous
west,10,23594,0.5,0.55,0.525,0.5750491599357787,0.5542354497833777,Homogeneous
west,6,6084,0.30000000000000004,0.35000000000000003,0.325,0.5750491599357787,0.5542354497833777,Homogeneous
west,3,33714,0.15000000000000002,0.2,0.17500000000000002,0.5750491599357787,0.5542354497833777,Homogeneous
west,2,52352,0.1,0.15000000000000002,0.125,0.5750491599357787,0.5542354497833777,Homogeneous
