,us_node_id,ds_node_id,geometry,depth,flow,vol,conduit_height,conduit_width,conduit_shape,conduit_length,conduit_material,conduit_volume,conduit_xs,flow_xs,flow_perimeter,flow_area,flow_volume,flow_velocity,residence_time,conduit_av,conduit_hrt,conduit_hrt_inv,conduit_roughness,conduit_ff,conduit_ss
17 Wing Pumphouse.1,17 Wing Pumphouse,S-BE70029573,"LINESTRING (625705.3 5527801.2, 625705.2 5527799)",0.02,0.0,0.0,0.4,0.4,CIRC,2.3,PVC,0.289026524130261,0.12566370614359174,0.0023490362751040633,0.18041072471850494,0.4149446668525613,0.005402783432739346,0.0,inf,76.80201733390118,0.0,0.0,0.0015,0.006957958450405025,0.0
320X0000319.1,320X0000319,320X0000320,"LINESTRING (633361.5 5528403, 633360.4 5528406.9)",0.036115999999999995,0.0006479999999999999,0.135604,0.294,0.294,CIRC,4.0,POLYF,0.27154670260568736,0.06788667565142184,0.004774975263865389,0.21055967946448773,0.8422387178579509,0.019099901055461554,0.135707509294077,29.475155949786352,44.096496385624754,0.008187543319385098,122.13675836466928,0.0015,0.007279087220988602,0.013405551419338533
320X0000320.1,320X0000320,S-CO70013660,"LINESTRING (633360.4 5528406.9, 633355.4 5528423.7)",0.034006,0.0006479999999999999,0.14660800000000002,0.3,0.3,CIRC,17.6,VC,1.2440706908215582,0.07068583470577035,0.004420618559989667,0.20603320963190352,3.6261844895215023,0.07780288665581814,0.14658582078647261,120.06618311083048,46.607325838215985,0.033351717530786244,29.98346334268758,0.5,0.022325259287691485,0.047971184017133184
320X0000321.1,320X0000321,S-MH20014253,"LINESTRING (633350.2 5528441.2, 633344 5528462)",0.043684,0.0006479999999999999,0.101826,0.3,0.3,CIRC,21.7,VC,1.5338826131152166,0.07068583470577035,0.00636849190162829,0.23491155497823302,5.097580743027656,0.13819627426533387,0.1017509341315673,213.2658553477375,36.886528020577536,0.05924051537437153,16.880339302932825,0.5,0.022325259287691485,0.02311390486910993
320X0000322.1,320X0000322,320X0000321,"LINESTRING (633353 5528431.6, 633350.2 5528441.2)",0.03419199999999999,0.0006479999999999999,0.14551799999999998,0.3,0.3,CIRC,10.0,POLYC,0.7068583470577035,0.07068583470577035,0.004456040600492345,0.2066192179330627,2.066192179330627,0.04456040600492345,0.1454205780639438,68.76605864957322,46.36834276380549,0.019101682958214784,52.351408103019764,0.5,0.022325259287691485,0.047211548470266644
320X0000323.1,320X0000323,S-MH20013429,"LINESTRING (632901.2070000004 5527572.626, 632900.9190999996 5527575.1764, 632900.5725999996 5527578.3123, 632900.2334000003 5527581.448999999, 632899.9017000003 5527584.5865, 632899.5773 5527587.7248, 632899.2604 5527590.8638, 632898.9508999996 5527594.0035, 632898.6487999996 5527597.143999999, 632898.3542 5527600.2852, 632898.0916999998 5527603.155300001, 632898.0669 5527603.427100001, 632897.7871000003 5527606.569599999, 632897.5147000002 5527609.7128, 632897.2496999996 5527612.8566, 632896.9921000004 5527616.001, 632896.7419999996 5527619.1461, 632896.4993000003 5527622.2917)",0.03,0.0,0.0,0.3,0.3,CIRC,46.19,VC,3.2649787050595322,0.07068583470577035,0.0036787749478489062,0.19305033263798532,8.916994864548542,0.16992261484114096,0.0,inf,52.47679876445496,0.0,0.0,0.5,0.022325259287691485,0.0
320X0000327.1,320X0000327,320X0000328,"LINESTRING (632936.1 5528118.3, 632935.3 5528120.4)",0.048002,0.001054,0.11732799999999999,0.438,0.438,CIRC,2.3,POLYF,0.3465500280952861,0.15067392525882006,0.008968997835368892,0.2955758113161988,0.6798243660272573,0.02062869502134845,0.11751591642085053,19.571816908300235,32.95527736115703,0.005436615807861176,183.93795613698347,0.0015,0.006867350267472396,0.009483804272470496
320X0000328.1,320X0000328,320X0000329,"LINESTRING (632935.3 5528120.4, 632925 5528147.6)",0.048004,0.001054,0.11567399999999999,0.45,0.45,CIRC,29.1,UNKN,4.628155027360314,0.15904312808798327,0.009100173732798256,0.2994453134650703,8.713858621833547,0.26481505562442925,0.11582196460725158,251.24768085809225,32.905450187816626,0.06979102246058118,14.328490466876485,1.0,0.024090558084295017,0.03231682716740276
320X0000329.1,320X0000329,320X0000330,"LINESTRING (632925 5528147.6, 632923.5 5528151.7)",0.048004,0.001054,0.11693400000000001,0.441,0.441,CIRC,4.3,POLYF,0.6568035869275063,0.15274502021569913,0.009002380149084388,0.29655265512627405,1.2751764170429782,0.038710234641062866,0.11708014797699917,36.726977837820556,32.94158324967378,0.010201938288283488,98.0205890039993,0.0015,0.0068606069721213175,0.009404356103397115
320X0000330.1,320X0000330,320X0000332,"LINESTRING (632923.5 5528151.7, 632909.6 5528188.3)",0.048004,0.001054,0.11571400000000001,0.45,0.45,CIRC,39.1,UNKN,6.218586308240146,0.15904312808798327,0.009100173732798256,0.2994453134650703,11.70831175648425,0.3558167929524118,0.11582196460725158,337.5870900876772,32.905450187816626,0.09377419169102144,10.663914899900401,1.0,0.024090558084295017,0.03231682716740276
320X0000331.1,320X0000331,S-MH20014905,"LINESTRING (632908 5528192.6, 632907.6 5528193.7)",0.063914,0.001054,0.07618,0.45,0.45,CIRC,1.2,UNKN,0.1908517537055799,0.15904312808798327,0.013820011943172311,0.34777347222132593,0.4173281666655911,0.016584014331806774,0.07626621484366532,15.734358948583274,25.164484202428,0.004370655263495354,228.79864453099594,1.0,0.024090558084295017,0.014012358695244377
320X0000332.1,320X0000332,320X0000331,"LINESTRING (632909.6 5528188.3, 632908 5528192.6)",0.053503999999999996,0.001054,0.09980199999999999,0.441,0.441,CIRC,4.6,POLYF,0.7026270929922159,0.15274502021569913,0.010550231225570778,0.3137929753867412,1.4434476867790096,0.04853106363762557,0.09990302368401197,46.0446524076144,29.742758113793354,0.012790181224337331,78.18497505705285,0.0015,0.0068606069721213175,0.006847307096322598
320X0000333.1,320X0000333,320X0000334,"LINESTRING (633029.5429999996 5527807.573000001, 633022.0700000003 5527804.743000001)",0.035,0.0,0.0,0.35,0.35,CIRC,7.99,POLYF,0.7687280873793374,0.09621127501618741,0.005007221456794331,0.22522538807764958,1.79955085074042,0.0400076994397867,0.0,inf,44.980113226675805,0.0,0.0,0.0015,0.007094570423248069,0.0
320X0000334.1,320X0000334,S-MH20012685,"LINESTRING (633022.0700000003 5527804.743000001, 633014.3426000001 5527801.816299999, 633012.7750000004 5527801.2226)",0.0375,0.0,0.0,0.375,0.375,CIRC,9.94,CO,1.0978393702739957,0.11044661672776616,0.005748085856013899,0.2413129157974816,2.398650383026967,0.05713597340877815,0.0,inf,41.98143901156408,0.0,0.0,1.0,0.025319973121937987,0.0
320X0000335.1,320X0000335,S-MH70046435,"LINESTRING (633399.0640000002 5528303.706, 633398.8849 5528304.1645, 633398.8316000002 5528304.2743999995, 633398.7341999998 5528304.4377999995, 633398.6419000002 5528304.5638999995, 633398.5382000003 5528304.682600001, 633397.8392000003 5528305.4166, 633397.1533000004 5528306.136700001, 633396.8775000004 5528306.4264, 633396.8081999999 5528306.5034, 633396.7286 5528306.604, 633396.6304000001 5528306.7521, 633396.5280999998 5528306.9505, 633396.4117 5528307.2466, 633396.3101000004 5528307.5101, 633395.1134000001 5528310.611099999, 633384.4089000002 5528338.3499, 633380.0263 5528349.706599999)",0.02,0.0,0.0,0.3,0.3,CIRC,49.99,PVC,3.5335848769414597,0.07068583470577035,0.002023774285023844,0.15669444654181464,7.833155382625314,0.10116847650834196,0.0,inf,77.42683939675045,0.0,0.0,0.0015,0.007257340448485058,0.0
320X0001590.1,320X0001590,S-MH20013019,"LINESTRING (632124.8 5527452.4, 632125.3 5527476.8)",0.04820000000000001,0.00097,0.105958,0.45,0.45,CIRC,24.4,CONC,3.8806523253467913,0.15904312808798327,0.0091546773671429,0.3000796639938652,7.321943801450311,0.22337412775828674,0.10595676517027593,230.28260593637805,32.77883555687966,0.06396739053788279,15.632965352991532,1.0,0.024090558084295017,0.02704607468169593
320X0001592.1,320X0001592,S-MH20013360,"LINESTRING (632797 5527365.3, 632794 5527372.2)",0.228544,0.0011279999999999999,0.010520000000000002,0.68,0.68,CIRC,7.5,CONC,2.7237608306623504,0.36316811075498007,0.10717414935572861,0.8410307373768049,6.307730530326037,0.8038061201679646,0.010524926083210444,712.5940781630892,7.847328319679829,0.19794279948974702,5.051964519941013,1.0,0.021617260151140513,0.00023946318688065145
320X0001602.1,320X0001602,S-MH20013428,"LINESTRING (632811.8 5527537.3, 632796.6 5527537.8)",0.049018,0.001206,0.12847400000000003,0.45,0.45,CIRC,15.2,CONC,2.4174555469373455,0.15904312808798327,0.009383197173689517,0.3027149469204631,4.601267193191038,0.14262459704008065,0.12852761992272993,118.2625182753571,32.26138610507682,0.03285069952093252,30.440752086962355,1.0,0.024090558084295017,0.03979603385987986
320X0001603.1,320X0001603,320X0001602,"LINESTRING (632818.4 5527537, 632811.8 5527537.3)",0.049018,0.001206,0.12984600000000002,0.441,0.441,CIRC,6.6,POLYF,1.0081171334236143,0.15274502021569913,0.009282213397311029,0.29979342518620467,1.9786366062289507,0.061262608422252784,0.12992590758033715,50.798182771353886,32.29762259861985,0.014110606325376078,70.86867686200209,0.0015,0.0068606069721213175,0.01158121325589935
320X0001605.1,320X0001605,S-CO70027418,"LINESTRING (632319.4189999998 5526961.442, 632319.5425000004 5526967.081900001, 632319.7624000004 5526977.137399999, 632319.8086000001 5526979.2491999995, 632319.8104999997 5526979.336999999)",0.02,0.0,0.0,0.3,0.3,CIRC,17.9,VC,1.265276441233289,0.07068583470577035,0.002023774285023844,0.15669444654181464,2.804830593098482,0.0362255597019268,0.0,inf,77.42683939675047,0.0,0.0,0.5,0.022325259287691485,0.0
320X0001607.1,320X0001607,S-MH20013201,"LINESTRING (632224.3629999999 5527840.710000001, 632203.6233000001 5527831.400900001)",0.02,0.0,0.0,0.3,0.3,CIRC,22.73,UNKN,1.60668902286216,0.07068583470577035,0.002023774285023844,0.15669444654181464,3.561664769895447,0.04600038949859197,0.0,inf,77.42683939675047,0.0,0.0,1.0,0.026957107444510676,0.0
320X0001608.1,320X0001608,320X0001607,"LINESTRING (632226.6449999996 5527841.733999999, 632224.3629999999 5527840.710000001)",0.02,0.0,0.0,0.3,0.3,CIRC,2.5,POLYF,0.17671458676442586,0.07068583470577035,0.002023774285023844,0.15669444654181464,0.3917361163545366,0.0050594357125596096,0.0,inf,77.42683939675045,0.0,0.0,0.0015,0.007257340448485058,0.0
320X0001609.1,320X0001609,320X0001608,"LINESTRING (632231.8260000004 5527844.0600000005, 632226.6449999996 5527841.733999999)",0.02,0.0,0.0,0.3,0.3,CIRC,5.68,UNKN,0.40149554112877556,0.07068583470577035,0.002023774285023844,0.15669444654181464,0.890024456357507,0.011495037938935432,0.0,inf,77.42683939675045,0.0,0.0,1.0,0.026957107444510676,0.0
320X0001610.1,320X0001610,320X0001609,"LINESTRING (632232.7620000001 5527844.48, 632231.8260000004 5527844.0600000005)",0.0294,0.0,0.0,0.294,0.294,CIRC,1.03,POLYF,0.06992327592096449,0.06788667565142184,0.003533095459914079,0.18918932598522553,0.1948650057647823,0.0036390883237115016,0.0,inf,53.5477538412807,0.0,0.0,0.0015,0.007279087220988602,0.0
320X0001611.1,320X0001611,S-MH20012376,"LINESTRING (632215.4759999998 5526888.384, 632215.6 5526893.1)",0.02,0.0,0.0,0.3,0.3,CIRC,4.7,VC,0.33222342311712066,0.07068583470577035,0.002023774285023844,0.15669444654181464,0.7364638987465288,0.009511739139612067,0.0,inf,77.42683939675045,0.0,0.0,0.5,0.022325259287691485,0.0
320X0001612.1,320X0001612,320X0001611,"LINESTRING (632215.3650000002 5526883.176999999, 632215.4759999998 5526888.384)",0.02,0.0,0.0,0.294,0.294,CIRC,5.21,POLYF,0.3536895801439078,0.06788667565142184,0.0020025788022950686,0.15515660691350364,0.808365922019354,0.010433435559957308,0.0,inf,77.47840271538148,0.0,0.0,0.0015,0.007279087220988602,0.0
320X0001613.1,320X0001613,320X0001612,"LINESTRING (632215.3399999999 5526881.98, 632215.3650000002 5526883.176999999)",0.02,0.0,0.0,0.3,0.3,CIRC,1.2,VC,0.08482300164692441,0.07068583470577035,0.002023774285023844,0.15669444654181464,0.18803333585017756,0.0024285291420286124,0.0,inf,77.42683939675047,0.0,0.0,0.5,0.022325259287691485,0.0
320X0001614.1,320X0001614,320X0001613,"LINESTRING (632215.2759999996 5526878.977, 632215.3399999999 5526881.98)",0.02,0.0,0.0,0.294,0.294,CIRC,3.0,POLYF,0.20366002695426552,0.06788667565142184,0.0020025788022950686,0.15515660691350364,0.4654698207405109,0.006007736406885206,0.0,inf,77.47840271538148,0.0,0.0,0.0015,0.007279087220988602,0.0
320X0001615.1,320X0001615,S-CO20005443,"LINESTRING (631798.5499999998 5527468.127, 631798.9952999996 5527468.325200001, 631806.8060999997 5527471.8027, 631814.0231999997 5527475.015799999, 631815.2106999997 5527475.544500001, 631839.2372000003 5527486.2414, 631847.1849999996 5527489.7798999995, 631856.1042 5527493.7508000005)",0.0225,0.0,0.0,0.45,0.45,CIRC,63.0,PVC,10.019717069542946,0.15904312808798327,0.002972999035678603,0.20296206530831795,12.78661011442403,0.18729893924775198,0.0,inf,68.26845985235605,0.0,0.0,0.0015,0.006840707038020144,0.0
320X0001622.1,320X0001622,S-CO70055260,"LINESTRING (632690.4100000001 5527328.225, 632690.6151 5527337.2009, 632690.6288999999 5527337.8007, 632690.9354999997 5527351.1972, 632691.1506000003 5527360.5944, 632691.1688999999 5527361.3945, 632691.2781999996 5527366.1713)",0.02,0.0,0.0,0.375,0.375,CIRC,37.96,UNKN,4.192553570986004,0.11044661672776616,0.002272091246372912,0.174782849242062,6.6347569572286735,0.08624858371231574,0.0,inf,76.92598152520472,0.0,0.0,1.0,0.025319973121937987,0.0
320X0001623.1,320X0001623,S-MH20013354,"LINESTRING (632691.352 5527369.385, 632691.4737999998 5527374.7147, 632691.6173999999 5527380.989399999, 632691.6403000001 5527381.9892, 632691.9812000003 5527396.885299999, 632691.9949000003 5527397.485099999, 632692.3289999999 5527412.0813, 632692.3748000003 5527414.080700001, 632692.7 5527426.5)",0.049934,0.0,3.2000000000000005e-05,0.375,0.375,CIRC,57.11,UNKN,6.307606281322726,0.11044661672776616,0.008737560650858914,0.2801499218990704,15.99936203965591,0.4990020887705526,0.0,inf,32.062715567133864,0.0,0.0,1.0,0.025319973121937987,0.0
320X0001624.1,320X0001624,S-CO70055642,"LINESTRING (631947.2029999997 5528945.718, 631947.1403999999 5528942.9792, 631947.0777000003 5528940.2367, 631947.0292999996 5528938.120200001, 631946.9661999997 5528935.361199999, 631946.9523 5528934.751700001, 631946.9379000003 5528934.121200001, 631946.7885999996 5528927.5908, 631946.7746000001 5528926.9813, 631946.7527000001 5528926.0233, 631946.6179 5528920.1252, 631946.6039000005 5528919.515699999, 631946.5698999995 5528918.0254, 631946.5515999999 5528917.2256000005, 631946.5470000003 5528917.025699999, 631946.5318999998 5528916.3631, 631946.4436999997 5528912.507200001, 631946.4298 5528911.897700001, 631946.4007000001 5528910.6274, 631946.3823999995 5528909.8276, 631946.2659999998 5528904.7368, 631946.2521000002 5528904.1274, 631946.2407 5528903.6292, 631946.0953000002 5528897.271199999, 631946.0813999996 5528896.661699999, 631946.0780999996 5528896.5165)",0.02,0.0,0.0,0.375,0.375,CIRC,49.21,CO,5.435078009173373,0.11044661672776616,0.002272091246372912,0.174782849242062,8.60106401120187,0.11180961023401101,0.0,inf,76.92598152520472,0.0,0.0,1.0,0.025319973121937987,0.0
320X0001625.1,320X0001625,S-MH20015806,"LINESTRING (631945.9929999998 5528892.817, 631945.8794999998 5528887.8333, 631945.7470000004 5528882.0352, 631945.733 5528881.425799999, 631945.699 5528879.9354, 631945.6875 5528879.4355, 631945.5680999998 5528874.2129999995, 631945.5184000004 5528872.0374, 631945.3847000003 5528866.1896, 631945.3172000004 5528863.239700001, 631945.2701000003 5528861.178200001, 631945.2669000002 5528861.0403, 631945.2226999998 5528859.105, 631945.1522000004 5528854.761700001)",0.02,0.0,0.0,0.375,0.375,CIRC,38.07,CO,4.204702698826058,0.11044661672776616,0.002272091246372912,0.174782849242062,6.6539830706453005,0.08649851374941676,0.0,inf,76.92598152520472,0.0,0.0,1.0,0.025319973121937987,0.0
320X0001626.1,320X0001626,S-MH20015797,"LINESTRING (631942.7 5528750.8, 631940.6 5528657.9)",0.0225,0.0,0.0,0.45,0.45,CIRC,92.9,CONC,14.775106599373647,0.15904312808798327,0.002972999035678603,0.20296206530831795,18.855175867142737,0.2761916104145422,0.0,inf,68.26845985235605,0.0,0.0,1.0,0.024090558084295017,0.0
320X0001627.1,320X0001627,S-CO70055682,"LINESTRING (631937.9 5528539, 631937.8 5528534.4)",0.03,0.0,0.0,0.6,0.6,CIRC,4.6,CONC,1.3006193585861743,0.2827433388230814,0.0052853316189842015,0.2706160870777574,1.2448340005576841,0.024312525447327326,0.0,inf,51.201344889266885,0.0,0.0,1.0,0.022325259287691485,0.0
320X0001628.1,320X0001628,S-CO70055705,"LINESTRING (631937.7 5528532.2, 631936.4 5528474.4)",0.03,0.0,0.0,0.6,0.6,CIRC,57.9,CONC,16.37083931785641,0.2827433388230814,0.0052853316189842015,0.2706160870777574,15.668671441802154,0.30602070073918525,0.0,inf,51.201344889266885,0.0,0.0,1.0,0.022325259287691485,0.0
320X0001629.1,320X0001629,S-MH20015759,"LINESTRING (631936.3 5528470.8, 631936.1 5528458.9)",0.03,0.0,0.0,0.6,0.6,CIRC,11.9,CONC,3.3646457319946688,0.2827433388230814,0.0052853316189842015,0.2706160870777574,3.2203314362253135,0.062895446265912,0.0,inf,51.20134488926689,0.0,0.0,1.0,0.022325259287691485,0.0
321X0000353.1,321X0000353,S-CO70013231,"LINESTRING (632947.5800000001 5529540.932, 632950.1791000003 5529546.503699999)",0.02,0.0,0.0,0.3,0.3,CIRC,6.15,VC,0.4347178834404877,0.07068583470577035,0.002023774285023844,0.15669444654181464,0.96367084623216,0.012446211852896641,0.0,inf,77.42683939675045,0.0,0.0,0.5,0.022325259287691485,0.0
321X0000354.1,321X0000354,321X0000355,"LINESTRING (633547.1969999997 5529719.728, 633546.6500000004 5529718.551000001)",0.0225,0.0,0.0,0.45,0.45,CIRC,1.3,PVC,0.20675606651437825,0.15904312808798327,0.002972999035678603,0.20296206530831795,0.26385068490081337,0.0038648987463821838,0.0,inf,68.26845985235606,0.0,0.0,0.0015,0.006840707038020144,0.0
321X0000355.1,321X0000355,S-MH20017348,"LINESTRING (633546.6500000004 5529718.551000001, 633535.159 5529693.8533, 633532.9817000004 5529689.1996)",0.02205,0.0,0.0,0.441,0.441,CIRC,32.38,POLYC,4.945883754584338,0.15274502021569913,0.00285526827386573,0.19890282400215176,6.440473441189674,0.09245358670777233,0.0,inf,69.661693726894,0.0,0.0,0.5,0.02024967190709316,0.0
321X0000356.1,321X0000356,S-MH20017269,"LINESTRING (633859.608 5529337.632999999, 633844.1941999998 5529344.478, 633844.0878999997 5529344.5252, 633809.3 5529360)",0.060430000000000005,0.0,0.0,0.3,0.3,CIRC,55.04,CO,3.8905483422055998,0.07068583470577035,0.010167480735646842,0.27926212702514475,15.370587471463967,0.5596181396900022,0.0,inf,27.46620665294808,0.0,0.0,1.0,0.026957107444510676,0.0
321X0000359.1,321X0000359,321X0000360,"LINESTRING (633966.5669999998 5529287.83, 633973.3650000002 5529284.661)",0.045,0.0,0.0,0.45,0.45,CIRC,7.5,UNKN,1.1928234606598744,0.15904312808798327,0.008277243632660025,0.2895754989569779,2.171816242177334,0.06207932724495019,0.0,inf,34.98453250963668,0.0,0.0,1.0,0.024090558084295017,0.0
321X0000360.1,321X0000360,321X0000362,"LINESTRING (633973.3650000002 5529284.661, 633988.0480000004 5529277.817)",0.0225,0.0,0.0,0.45,0.45,CIRC,15.1,UNKN,2.401551234128547,0.15904312808798327,0.002972999035678603,0.20296206530831795,3.064727186155601,0.044892285438746904,0.0,inf,68.26845985235605,0.0,0.0,1.0,0.024090558084295017,0.0
321X0000362.1,321X0000362,S-CO70011923,"LINESTRING (633988.0480000004 5529277.817, 634007.9521000003 5529268.543500001)",0.0225,0.0,0.0,0.45,0.45,CIRC,21.16,UNKN,3.365352590341726,0.15904312808798327,0.002972999035678603,0.20296206530831795,4.294677301924008,0.06290865959495924,0.0,inf,68.26845985235605,0.0,0.0,1.0,0.024090558084295017,0.0
321X0000366.1,321X0000366,S-MH70032775,"LINESTRING (633001.7 5529661.4, 632999.6 5529661.7)",0.03,0.0,0.0,0.3,0.3,CIRC,2.14,PVC,0.15126768627034856,0.07068583470577035,0.0036787749478489062,0.19305033263798532,0.4131277118452886,0.00787257838839666,0.0,inf,52.476798764454955,0.0,0.0,0.0015,0.007257340448485058,0.0
321X0001637.1,321X0001637,321X0001638,"LINESTRING (632831.4369999999 5529816.359999999, 632833.2489999998 5529815.513)",0.020830000000000005,0.0,0.0,0.3,0.3,CIRC,2.0,POLYF,0.1413716694115407,0.07068583470577035,0.0021491839776814903,0.15999046158704133,0.31998092317408267,0.0042983679553629806,0.0,inf,74.44242244893191,0.0,0.0,0.0015,0.007257340448485058…252144 tokens truncated…99999999994,0.45,0.45,CIRC,14.1,PVC,2.242508106040564,0.15904312808798327,0.0034591190828869856,0.2137887530211533,3.0144214175982613,0.048773579068706496,0.06070909817442126,232.25513842241185,61.80439236070615,0.06451531622844774,15.50019527857564,0.0015,0.006840707038020144,0.0025212072927386243
S-CO70016900.1,S-CO70016900,S-MH60004465,"LINESTRING (630755.3197999997 5524782.165899999, 630753.4 5524720.6)",0.03192199999999999,0.000218,0.043247999999999995,0.45,0.45,CIRC,61.6,CO,9.797056690219769,0.15904312808798327,0.00499131454617921,0.24263585553246503,14.946368700799846,0.30746497604463935,0.043675868948567134,1410.389798369905,48.61161389201564,0.39177494399164037,2.5524858476435335,1.0,0.024090558084295017,0.004595470361074745
S-CO70016919.1,S-CO70016919,S-MH70016295,"LINESTRING (632661.9447999997 5525460.859999999, 632664.3119999999 5525462.158600001, 632664.8380000005 5525462.4472, 632677.8134000003 5525469.566199999, 632678.2518999996 5525469.806700001, 632684.7395000001 5525473.3661)",0.03,0.0,0.0,0.3,0.3,CIRC,26.0,PVC,1.837831702350029,0.07068583470577035,0.0036787749478489062,0.19305033263798532,5.019308648587618,0.09564814864407156,0.0,inf,52.47679876445495,0.0,0.0,0.0015,0.007257340448485058,0.0
S-CO70016959.1,S-CO70016959,S-MH60010257,"LINESTRING (633346.7 5524256.7, 633350.9 5524259)",0.023825999999999996,0.00038599999999999995,0.144082,0.3,0.3,CIRC,4.8,PVC,0.33929200658769765,0.07068583470577035,0.0026208858499975757,0.17141149339601036,0.8227751683008497,0.012580252079988363,0.14727844785775657,32.59132663209421,65.40212096462305,0.009053146286692836,110.45883589331743,0.0015,0.007257340448485058,0.015741854496107283
S-CO70016960.1,S-CO70016960,S-MH60010253,"LINESTRING (633422.6 5524298.8, 633426.6 5524301)",0.024946,0.000402,0.12513800000000003,0.375,0.375,CIRC,4.5,PVC,0.4970097752749477,0.11044661672776616,0.003152049913331248,0.19565146790020882,0.8804316055509397,0.014184224609990616,0.1275360514755129,35.28414082087218,62.071183287016645,0.009801150228020049,102.02884118041032,0.0015,0.007023488505793389,0.011424016196738405
S-CO70016961.1,S-CO70016961,S-MH60010265,"LINESTRING (633430.8 5524303.3, 633502 5524342.8)",0.038648,0.00041400000000000003,0.068826,0.375,0.375,CIRC,81.5,VC,9.001399263312942,0.11044661672776616,0.006008130734231412,0.2451139625155777,19.976787945019584,0.4896626548398601,0.06890662309347381,1182.7600358450727,40.79704210147049,0.32854445440140906,3.0437281366442424,0.5,0.0210862630572946,0.01001201644101093
S-CO70016979.1,S-CO70016979,S-CO70016980,"LINESTRING (632127.1988000004 5524973.1965, 632122.0258 5524970.358999999, 632092.1520999996 5524953.9727, 632083.2150999997 5524949.070499999)",0.02,0.0,0.0,0.3,0.3,CIRC,50.17,VC,3.5463083271884983,0.07068583470577035,0.002023774285023844,0.15669444654181464,7.8613603830028405,0.10153275587964625,0.0,inf,77.42683939675045,0.0,0.0,0.5,0.022325259287691485,0.0
S-CO70016980.1,S-CO70016980,S-MH60009847,"LINESTRING (632083.2150999997 5524949.070499999, 632079.6144000003 5524947.0955)",0.02,0.0,0.0,0.3,0.3,CIRC,4.11,PVC,0.2905187806407162,0.07068583470577035,0.002023774285023844,0.15669444654181464,0.6440141752868582,0.008317712311447999,0.0,inf,77.42683939675045,0.0,0.0,0.0015,0.007257340448485058,0.0
S-CO70017019.1,S-CO70017019,S-MH60008641,"LINESTRING (631905.3701999998 5525045.823799999, 631877.7945999997 5525030.6997, 631877.0038999999 5525030.266000001, 631844.6506000003 5525012.5211)",0.02,0.0,0.0,0.375,0.375,CIRC,69.25,VC,7.648428208397807,0.11044661672776616,0.002272091246372912,0.174782849242062,12.103712310012794,0.15734231881132416,0.0,inf,76.92598152520472,0.0,0.0,0.5,0.0210862630572946,0.0
S-CO70017020.1,S-CO70017020,S-MH70016514,"LINESTRING (631934.6571000004 5525061.8807, 631923.6968999999 5525055.8759, 631923.6946999999 5525055.8747000005, 631923.3438999997 5525055.6822999995, 631920.6259000003 5525054.191500001)",0.02,0.0,0.0,0.3,0.3,CIRC,16.0,PVC,1.1309733552923256,0.07068583470577035,0.002023774285023844,0.15669444654181464,2.507111144669034,0.0323803885603815,0.0,inf,77.42683939675045,0.0,0.0,0.0015,0.007257340448485058,0.0
S-CO70017039.1,S-CO70017039,S-MH60008721,"LINESTRING (631588.2686999999 5525483.920700001, 631599.3468000004 5525463.536599999, 631599.5855999999 5525463.097200001, 631619.3888999997 5525426.658)",0.03,0.0,0.0,0.3,0.3,CIRC,65.17,VC,4.606595847775053,0.07068583470577035,0.0036787749478489062,0.19305033263798532,12.581090178017504,0.23974576335131323,0.0,inf,52.476798764454955,0.0,0.0,0.5,0.022325259287691485,0.0
S-CO70017079.1,S-CO70017079,S-CO70017082,"LINESTRING (631401.8453000002 5525766.7709, 631401.9223999996 5525766.8137, 631402.5344000002 5525767.153999999, 631411.9852 5525772.4092)",0.02,0.0,0.0,0.3,0.3,CIRC,11.6,VC,0.819955682586936,0.07068583470577035,0.002023774285023844,0.15669444654181464,1.8176555798850498,0.023475781706276587,0.0,inf,77.42683939675047,0.0,0.0,0.5,0.022325259287691485,0.0
S-CO70017080.1,S-CO70017080,S-CO70017079,"LINESTRING (631396.5129000004 5525763.8058, 631398.5975000001 5525764.9649, 631399.1265000002 5525765.259, 631401.8453000002 5525766.7709)",0.02,0.0,0.0,0.3,0.3,CIRC,6.1,PVC,0.4311835917051991,0.07068583470577035,0.002023774285023844,0.15669444654181464,0.9558361239050692,0.012345023138645446,0.0,inf,77.42683939675047,0.0,0.0,0.0015,0.007257340448485058,0.0
S-CO70017081.1,S-CO70017081,S-MH70005105,"LINESTRING (631415.3942999998 5525774.3048, 631417.5796999997 5525775.52)",0.02,0.0,0.0,0.3,0.3,CIRC,2.5,VC,0.17671458676442586,0.07068583470577035,0.002023774285023844,0.15669444654181464,0.3917361163545366,0.0050594357125596096,0.0,inf,77.42683939675045,0.0,0.0,0.5,0.022325259287691485,0.0
S-CO70017082.1,S-CO70017082,S-CO70017081,"LINESTRING (631411.9852 5525772.4092, 631412.1568 5525772.5046, 631413.0340999998 5525772.9925, 631415.3942999998 5525774.3048)",0.02,0.0,0.0,0.3,0.3,CIRC,3.9,PVC,0.27567475535250435,0.07068583470577035,0.002023774285023844,0.15669444654181464,0.611108341513077,0.00789271971159299,0.0,inf,77.42683939675045,0.0,0.0,0.0015,0.007257340448485058,0.0
S-CO70017099.1,S-CO70017099,S-MH70016575,"LINESTRING (632217.1876999997 5525775.1063, 632226.7554000001 5525757.543299999)",0.02,0.0,0.0,0.3,0.3,CIRC,20.0,PVC,1.413716694115407,0.07068583470577035,0.002023774285023844,0.15669444654181464,3.1338889308362927,0.040475485700476876,0.0,inf,77.42683939675045,0.0,0.0,0.0015,0.007257340448485058,0.0
S-CO70017120.1,S-CO70017120,S-MH60007974,"LINESTRING (632126.3525 5525929.5, 632131.6248000003 5525932.3639)",0.02,0.0,0.0,0.375,0.375,CIRC,6.0,VC,0.662679700366597,0.11044661672776616,0.002272091246372912,0.174782849242062,1.048697095452372,0.013632547478237472,0.0,inf,76.92598152520472,0.0,0.0,0.5,0.0210862630572946,0.0
S-CO70017121.1,S-CO70017121,S-CO70017120,"LINESTRING (632098.2330999998 5525914.2258, 632100.7701000003 5525915.6039, 632101.6600000001 5525916.087300001, 632116.2471000003 5525924.0108, 632116.8568000002 5525924.342, 632126.3525 5525929.5)",0.02,0.0,0.0,0.375,0.375,CIRC,32.0,PVC,3.5342917352885173,0.11044661672776616,0.002272091246372912,0.174782849242062,5.593051175745984,0.07270691988393319,0.0,inf,76.92598152520472,0.0,0.0,0.0015,0.007023488505793389,0.0
S-CO70017140.1,S-CO70017140,S-MH60008986,"LINESTRING (633383.1635999996 5526051.3586, 633380.9720000001 5526050.1554000005)",0.02,0.0,0.0,0.375,0.375,CIRC,2.5,PVC,0.2761165418194154,0.11044661672776616,0.002272091246372912,0.174782849242062,0.436957123105155,0.00568022811593228,0.0,inf,76.92598152520472,0.0,0.0,0.0015,0.007023488505793389,0.0
S-CO70017199.1,S-CO70017199,S-MH70016694,"LINESTRING (634761.4 5528615.9, 634761.1 5528615.7)",0.08132600000000001,0.003802,0.245608,0.3,0.3,CIRC,2.0,PVC,0.1413716694115407,0.07068583470577035,0.01548495803165479,0.328574175521231,0.657148351042462,0.03096991606330958,0.24552859570092755,8.145690705762647,21.21892580202997,0.0022626918627118462,441.9514722616696,0.0015,0.007257340448485058,0.043750362570960044
S-CO70017200.1,S-CO70017200,S-MH50003871,"LINESTRING (634760.8 5528615.6, 634738.6 5528606.2)",0.061762000000000004,0.003816,0.363846,0.3,0.3,CIRC,24.1,CONC,1.7035286164090655,0.07068583470577035,0.01048932733827844,0.28256972832036,6.809930452520676,0.2527927888525104,0.36379835207109673,66.2454897412239,26.938784462296773,0.01840152492811775,54.3433223010767,1.0,0.026957107444510676,0.3567752709018172
S-CO70017259.1,S-CO70017259,Area 8 Outfall 1,"LINESTRING (621065.4 5525657.8, 621069.9 5525663)",0.02,0.0,0.0,0.25,0.25,CIRC,6.9,CSP,0.3387029579651496,0.04908738521234052,0.001839695774329353,0.14337827610577414,0.9893101051298416,0.012693900842872537,0.0,inf,77.9358620628683,0.0,0.0,4.0,0.04473166163206311,0.0
S-CO70017279.1,S-CO70017279,S-CO70017280,"LINESTRING (632188.3356999997 5525006.733999999, 632184.1271000002 5525004.425899999, 632183.6184999999 5525004.147, 632181.9349999996 5525003.2237, 632181.9307000004 5525003.2214, 632179.5239000004 5525001.9014)",0.02,0.0,0.0,0.3,0.3,CIRC,10.05,PVC,0.7103926387929921,0.07068583470577035,0.002023774285023844,0.15669444654181464,1.5747791877452373,0.020338931564489633,0.0,inf,77.42683939675045,0.0,0.0,0.0015,0.007257340448485058,0.0
S-CO70017280.1,S-CO70017280,S-CO70017281,"LINESTRING (632179.5239000004 5525001.9014, 632175.1624999996 5524999.508099999, 632175.1568 5524999.504899999, 632169.1085000001 5524996.185799999, 632169.1075999998 5524996.1853, 632165.7763999999 5524994.3573, 632165.7717000004 5524994.354699999, 632163.8476999998 5524993.298900001)",0.02,0.0,0.0,0.3,0.3,CIRC,17.88,VC,1.2638627245391738,0.07068583470577035,0.002023774285023844,0.15669444654181464,2.8016967041676457,0.03618508421622633,0.0,inf,77.42683939675045,0.0,0.0,0.5,0.022325259287691485,0.0
S-CO70017281.1,S-CO70017281,S-CO70017282,"LINESTRING (632163.8476999998 5524993.298900001, 632163.1460999995 5524992.914000001, 632161.4804999996 5524992.000399999)",0.03,0.0,0.0,0.3,0.3,CIRC,2.7,PVC,0.19085175370557994,0.07068583470577035,0.0036787749478489062,0.19305033263798532,0.5212358981225604,0.009932692359192048,0.0,inf,52.476798764454955,0.0,0.0,0.0015,0.007257340448485058,0.0
S-CO70017282.1,S-CO70017282,S-MH60009849,"LINESTRING (632161.4804999996 5524992.000399999, 632148.9424999999 5524985.123299999, 632147.0137 5524984.065400001)",0.02,0.0,0.0,0.3,0.3,CIRC,16.5,VC,1.1663162726452108,0.07068583470577035,0.002023774285023844,0.15669444654181464,2.5854583679399417,0.03339227570289342,0.0,inf,77.42683939675047,0.0,0.0,0.5,0.022325259287691485,0.0
S-CO70017299.1,S-CO70017299,S-CO70017300,"LINESTRING (631786.5718 5525517.7348, 631787.6240999997 5525518.3081, 631788.8552000001 5525518.978700001, 631792.2045999998 5525520.803400001, 631793.9305999996 5525521.743799999)",0.0225,0.0,0.0,0.45,0.45,CIRC,8.38,PVC,1.3327814133773,0.15904312808798327,0.002972999035678603,0.20296206530831795,1.7008221072837046,0.024913731918986694,0.0,inf,68.26845985235606,0.0,0.0,0.0015,0.006840707038020144,0.0
S-CO70017300.1,S-CO70017300,S-CO70017301,"LINESTRING (631793.9305999996 5525521.743799999, 631805.1942999996 5525527.880000001, 631805.7987000002 5525528.2093, 631809.1840000004 5525530.0536)",0.0225,0.0,0.0,0.45,0.45,CIRC,17.37,VC,2.7625791348882696,0.15904312808798327,0.002972999035678603,0.20296206530831795,3.525451074405483,0.05164099324973734,0.0,inf,68.26845985235605,0.0,0.0,0.5,0.020148919246630752,0.0
S-CO70017301.1,S-CO70017301,S-CO70017302,"LINESTRING (631809.1840000004 5525530.0536, 631809.5179000003 5525530.2355, 631810.3967000004 5525530.714299999, 631811.7307000002 5525531.441)",0.0225,0.0,0.0,0.45,0.45,CIRC,2.9,PVC,0.46122507145515146,0.15904312808798327,0.002972999035678603,0.20296206530831795,0.588589989394122,0.008621697203467948,0.0,inf,68.26845985235605,0.0,0.0,0.0015,0.006840707038020144,0.0
S-CO70017302.1,S-CO70017302,S-MH60008863,"LINESTRING (631811.7307000002 5525531.441, 631818.6984999999 5525535.2369, 631819.1374000004 5525535.4761, 631819.5762999998 5525535.7151999995, 631825.8991 5525539.159700001, 631825.8991999999 5525539.1598000005, 631838.8958 5525546.2401, 631841.091 5525547.4361000005, 631844.6913999999 5525549.397500001, 631845.3062000005 5525549.7325, 631847.1502 5525550.737)",0.0225,0.0,0.0,0.45,0.45,CIRC,40.33,VC,6.414209355788365,0.15904312808798327,0.002972999035678603,0.20296206530831795,8.185460093884462,0.11990105110891805,0.0,inf,68.26845985235605,0.0,0.0,0.5,0.020148919246630752,0.0
S-CO70017399.1,S-CO70017399,S-CO70017400,"LINESTRING (632543.6710000001 5525395.9692, 632547.0902000004 5525397.8452)",0.0225,0.0,0.0,0.45,0.45,CIRC,3.9,PVC,0.6202681995431347,0.15904312808798327,0.002972999035678603,0.20296206530831795,0.7915520547024399,0.011594696239146551,0.0,inf,68.26845985235605,0.0,0.0,0.0015,0.006840707038020144,0.0
S-CO70017400.1,S-CO70017400,S-MH60008226,"LINESTRING (632547.0902000004 5525397.8452, 632572.3074000003 5525411.680299999, 632573.2715999996 5525412.2094, 632574.4115000004 5525412.834799999, 632580.3469000002 5525416.0912, 632586.6857000003 5525419.569, 632588.3076999998 5525420.458900001, 632591.7995999996 5525422.3747000005, 632592.0335999997 5525422.5031, 632603.1 5525428.6)",0.10582799999999999,6.000000000000001e-06,0.000176,0.45,0.45,CIRC,63.86,VC,10.156494159698612,0.15904312808798327,0.028519342223425087,0.45567203193869843,29.09921595960528,1.821245194387926,0.00021038353384853837,303540.8657313209,15.9776487258679,,0.01186001756740899,0.5,0.020148919246630752,8.918159755143013e-08
S-CO70017539.2,S-CO70017539,S-BE70015774,"LINESTRING (636225.3 5526959, 636226 5526959.1)",0.02,0.0,0.0,0.3,0.3,CIRC,2.0,PVC,0.1413716694115407,0.07068583470577035,0.002023774285023844,0.15669444654181464,0.31338889308362927,0.004047548570047688,0.0,inf,77.42683939675045,0.0,0.0,0.0015,0.007257340448485058,0.0
S-CO70017559.1,S-CO70017559,S-MH00014065,"LINESTRING (634937 5530007.8, 635024.3 5529945.3)",0.036668,0.000676,0.09519999999999999,0.6,0.6,CIRC,107.3,BR,30.338360255716633,0.2827433388230814,0.00711734875486042,0.29976116294126864,32.164372783598125,0.763691521396523,0.09497918723434218,1129.7211854978152,42.1169698529333,0.3138114404160598,3.186626971515674,0.5,0.018792184888295718,0.016952516446244948
S-CO70017579.1,S-CO70017579,S-AC70016494,"LINESTRING (632784.3 5527162, 632783.8 5527148)",1.50304,0.0,0.0,1.8,1.8,CIRC,14.0,CSP,35.62566069170825,2.5446900494077322,2.2699869590450703,4.149116972826068,58.08763761956495,31.779817426630984,0.0,inf,1.827815334486108,0.0,0.0,4.0,0.024090558084295017,0.0
S-CO70017599.1,S-CO70017599,LINDEN_CS_OUT,"LINESTRING (635621.8 5533039.7, 635614.6 5533043.2)",1.187,0.0,0.0,1.5,1.5,CIRC,11.0,CONC,19.438604544086846,1.7671458676442586,1.499817441893121,3.28920355680839,36.18123912489229,16.49799186082433,0.0,inf,2.193069279589551,0.0,0.0,1.0,0.017832012528642954,0.0
S-CO70017640.1,S-CO70017640,S-MH20004718,"LINESTRING (626296 5526689.7, 626295.9 5526688)",0.020374,2.4e-05,0.012798,0.25,0.25,CIRC,1.7,CONCR,0.08344855486097888,0.04908738521234052,0.0018906432825228636,0.14475103050758464,0.24607675186289388,0.003214093580288868,0.012694092122959619,133.9205658453695,76.5617881731924,0.037200157179269305,26.881606848620372,1.0,0.02841555939249284,0.00045788825251782733
S-CO70017641.1,S-CO70017641,S-CO70017640,"LINESTRING (626296.1 5526692.1, 626296 5526689.7)",0.020406,2.4e-05,0.012758,0.25,0.25,CIRC,2.4,PVC,0.11780972450961724,0.04908738521234052,0.0018950223735509086,0.14486794975373296,0.3476830794089591,0.004548053696522181,0.012664758123688325,189.50223735509084,76.44656431273589,0.05263951037641413,18.997137185532488,0.0015,0.007457191732586531,0.00011961044584170175
S-CO70017659.1,S-CO70017659,S-MH20004833,"LINESTRING (626585.8 5526732.4, 626587.4 5526777.8)",0.033622,0.000492,0.112656,0.3,0.3,CIRC,45.5,CLAY,3.216205479112551,0.07068583470577035,0.004347756514675505,0.20481894532224676,9.319262012162227,0.19782292141773547,0.11316181077281888,402.07910857263306,47.10911124643175,0.11168864127017585,8.953461951256,0.5,0.022325259287691485,0.02858882380263553
S-CO70017660.1,S-CO70017660,S-CO70017659,"LINESTRING (626585.6 5526725.4, 626585.8 5526732.4)",0.028016000000000003,0.00048399999999999995,0.14454799999999998,0.3,0.3,CIRC,7.0,PVC,0.49480084294039245,0.07068583470577035,0.0033269854655504777,0.18633626821404758,1.304353877498333,0.023288898258853344,0.14547704070595274,48.11755838606063,56.007538999938696,0.013365988440572399,74.81676379163284,0.0015,0.007257340448485058,0.01535912280418096
S-CO70017700.1,S-CO70017700,S-CO70017701,"LINESTRING (626587.8 5526790.4, 626588 5526793.4)",0.029731999999999998,0.000566,0.13702199999999998,0.375,0.375,CIRC,3.0,PVC,0.3313398501832985,0.11044661672776616,0.0040848969677084596,0.2140775292643784,0.6422325877931352,0.012254690903125379,0.13855918630856287,21.651397355345193,52.407081734664004,0.006014277043151443,166.27102357027545,0.0015,0.007023488505793389,0.013484148433080576
S-CO70017701.1,S-CO70017701,S-CO70025951,"LINESTRING (626588 5526793.4, 626588.9 5526819.7)",0.029574,0.00057,0.13971799999999998,0.375,0.375,CIRC,26.3,CONCR,2.90474601994025,0.11044661672776616,0.004052919130020441,0.21349202972445425,5.6148403817531465,0.1065917731195376,0.1406393717007438,187.00311073603086,52.67611390098906,0.05194530853778636,19.251016658656944,1.0,0.025319973121937987,0.050081470869583776
S-CO70017719.1,S-CO70017719,S-MH20004841,"LINESTRING (626697.6 5527019.8, 626696.7 5526994.2)",0.037998000000000004,0.00030199999999999997,0.05118399999999999,0.375,0.375,CIRC,25.6,CLAY,2.827433388230814,0.11044661672776616,0.005860465515974092,0.24296805100580998,6.219982105748736,0.15002791720893677,0.05153174251718181,496.78118281104895,41.458831272625496,0.13799477300306914,7.246651291478693,0.5,0.0210862630572946,0.005599500353990434
S-CO70017721.1,S-CO70017721,S-CO70017719,"LINESTRING (626697.7 5527024.3, 626697.6 5527019.8)",0.037998000000000004,0.00030199999999999997,0.05111600000000001,0.375,0.375,CIRC,4.5,PVC,0.4970097752749477,0.11044661672776616,0.005860465515974092,0.24296805100580998,1.093356229526145,0.026372094821883414,0.05153174251718181,87.32481729100469,41.458831272625496,0.02425689369194575,41.22539401374545,0.0015,0.007023488505793389,0.0018651017616339873
S-CO70017799.1,S-CO70017799,S-MH20004843,"LINESTRING (626873.1 5526919, 626877.1 5526987.7)",0.110188,0.000532,0.019513999999999997,0.375,0.375,CIRC,68.9,CONCR,7.6097718925430895,0.11044661672776616,0.02707516804124116,0.4296695537251227,29.604232251660957,1.865479078041516,0.01964900085530965,3506.5396203787896,15.869506444822276,0.9740387834385527,1.02665316515406,1.0,0.025319973121937987,0.0009775617123205687
S-CO70017801.1,S-CO70017801,S-CO70017799,"LINESTRING (626872.9 5526914.5, 626873.1 5526919)",0.039256,0.000526,0.085086,0.375,0.375,CIRC,4.5,PVC,0.4970097752749477,0.11044661672776616,0.0061472533519372485,0.24710680238979588,1.1119806107540815,0.02766264008371762,0.08556667016729286,52.5905705013643,40.19792063912943,0.014608491805934527,68.45333613383428,0.0015,0.007023488505793389,0.005142356004153487
S-CO70017819.1,S-CO70017819,S-CO70017820,"LINESTRING (626793.3 5527109.3, 626793.1 5527103.9)",0.0227,0.00015199999999999998,0.062322,0.3,0.3,CIRC,5.4,PVC,0.3817035074111599,0.07068583470577035,0.0024402007236454942,0.16720109281810858,0.9028859012177863,0.013177083907685669,0.062289957759262646,86.69134149793206,68.51940137462196,0.024080928193870012,41.5266385061751,0.0015,0.007257340448485058,0.002815876279817555
S-CO70017820.1,S-CO70017820,S-MH20005439,"LINESTRING (626793.1 5527103.9, 626792.8 5527096.9)",0.022184000000000002,0.000154,0.06472800000000001,0.3,0.3,CIRC,7.0,CLAY,0.49480084294039245,0.07068583470577035,0.0023587519486237274,0.16523967490205882,1.1566777243144117,0.01651126364036609,0.065288764293276,107.21599766471488,70.05385835440306,0.02978222157353191,33.57707877939909,0.5,0.022325259287691485,0.009516415798181207
